1	‡∞é‡∞®‡±ç‡∞®‡∞ø ‡∞∏‡∞æ‡∞∞‡±ç‡∞≤‡±Å ‡∞Ö‡∞Ø‡∞ø‡∞® ‡∞µ‡∞ø‡∞®‡∞æ‡∞≤‡∞®‡∞ø ‡∞â‡∞Ç‡∞¶‡∞ø ‡∞ö‡∞ø‡∞ü‡±ç‡∞ü‡∞ø ‡∞§‡∞≤‡±ç‡∞≤‡∞ø ‡∞∏‡±Ç‡∞™‡∞∞‡±ç ‡∞Æ‡∞æ,,	non-hate
2	‡∞´‡±ç‡∞Ø‡±Ç‡∞ö‡∞∞‡±ç ‡∞≤‡±ã ‡∞¨‡∞æ‡∞ó work out ‡∞Ö‡∞µ‡±Å‡∞§‡±Å‡∞Ç‡∞¶‡∞ø ‡∞∏‡±Ç‡∞™‡∞∞‡±ç.	non-hate
3	‡∞á‡∞¶‡∞ø ‡∞¨‡±Ü‡∞Ç‡∞°‡∞™‡±Ç‡∞°‡∞ø ‡∞ó‡∞µ‡±ç‡∞®‡∞Æ‡±Ü‡∞Ç‡∞ü‡±ç ‡∞∏‡±ç‡∞ü‡±Ç‡∞°‡±Ü‡∞Ç‡∞ü‡±ç‡∞∏‡±ç ‡∞ï‡∞ø ‡∞Æ‡∞æ‡∞§‡±ç‡∞∞‡∞Æ‡±á ‡∞∏‡∞æ‡∞ß‡±ç‡∞Ø‡∞Ç. 	non-hate
4	‡∞§‡±Ü‡∞≤‡±Å‡∞ó‡±Å‡∞≤‡±ã ‡∞Æ‡∞æ‡∞ü‡±ç‡∞≤‡∞æ‡∞°‡∞ø‡∞®‡∞™‡±ç‡∞™‡±Å‡∞°‡±Å ‡∞ö‡∞æ‡∞≤‡∞æ ‡∞Ö‡∞Ç‡∞¶‡∞Ç‡∞ó‡∞æ ‡∞µ‡∞ø‡∞®‡∞∏‡±ä‡∞Ç‡∞™‡±Å‡∞ó‡∞æ ‡∞â‡∞Ç‡∞¶‡∞ø	non-hate
5	‡∞∏‡±Ç‡∞™‡∞∞‡±ç ‡∞∏‡∞ø‡∞∏‡±ç‡∞ü‡∞∞‡±ç ‡∞´‡±ç‡∞Ø‡±Ç‡∞ö‡∞∞‡±ç ‡∞≤‡±ã ‡∞∞‡±à‡∞≤‡±ç‡∞µ‡±á ‡∞≤‡±ã ‡∞ú‡∞æ‡∞¨‡±ç ‡∞∞‡∞æ‡∞µ‡∞æ‡∞≤‡∞®‡∞ø ‡∞ï‡±ã‡∞∞‡±Å‡∞ï‡±Å‡∞Ç‡∞ü‡±Å‡∞®‡±ç‡∞®‡∞æ‡∞®‡±Å ‡∞Ö‡∞≤‡±ç ‡∞¶‡∞ø ‡∞¨‡±Ü‡∞∏‡±ç‡∞ü‡±Å	non-hate
6	‡∞µ‡∞æ‡∞µ‡±ç ‡∞∏‡±Ç‡∞™‡∞∞‡±ç ‡∞Ö‡∞Æ‡±ç‡∞Æ god bless u ‡∞§‡∞≤‡±ç‡∞≤‡∞ø	non-hate
7	‡∞à ‡∞∏‡±ç‡∞ï‡±Ç‡∞≤‡±ç ‡∞®‡∞ø NRI ‡∞µ‡∞æ‡∞≥‡±ç‡∞≥‡±Å Develop ‡∞ö‡±á‡∞∏‡±ç‡∞§‡±Å‡∞®‡±ç‡∞®‡∞æ‡∞∞‡±Å. ‡∞Æ‡∞ø‡∞ó‡∞ø‡∞≤‡∞ø‡∞® ‡∞∏‡±ç‡∞ï‡±Ç‡∞≥‡±ç‡∞≤‡±Å ‡∞ï‡±Ç‡∞°‡∞æ ‡∞é‡∞µ‡∞∞‡±ã ‡∞í‡∞ï‡±ç‡∞ï‡∞∞‡±Å ‡∞Æ‡∞æ‡∞∞‡∞ø‡∞∏‡±ç‡∞§‡±á ‡∞¨‡∞æ‡∞ó‡±Å‡∞Ç‡∞ü‡±Å‡∞Ç‡∞¶‡∞ø	non-hate
8	‡∞∏‡±Ç‡∞™‡∞∞‡±ç ‡∞¨‡∞Ç‡∞ó‡∞æ‡∞∞‡∞Ç ‡∞¨‡∞æ‡∞ó‡∞æ ‡∞ö‡∞¶‡±Å‡∞µ‡±Å‡∞§‡±Å‡∞®‡±ç‡∞®‡∞æ‡∞µ‡±ç ‡∞ï‡∞Ç‡∞™‡∞≤‡±ç‡∞∏‡∞∞‡±Ä ‡∞à ‡∞ú‡∞æ‡∞¨‡±Å ‡∞®‡±Ä‡∞ï‡±á ‡∞µ‡∞∏‡±ç‡∞§‡∞æ‡∞¶‡∞ø .	non-hate
9	‡∞ö‡∞æ‡∞≤‡∞æ ‡∞¨‡∞æ‡∞ó‡∞æ ‡∞®‡±á‡∞∞‡±ç‡∞™‡∞ø‡∞∏‡±ç‡∞§‡±Å‡∞®‡±ç‡∞®‡∞æ‡∞∞‡±Å ‡∞™‡∞ø‡∞≤‡±ç‡∞≤‡∞≤‡∞ï‡∞ø	non-hate
10	‡∞Æ‡±ç‡∞Æ‡±Ü‡∞≤‡±ç‡∞Ø‡±á ‡∞ï‡∞æ‡∞ï‡∞Æ‡±Å‡∞Ç‡∞¶‡±á ‡∞™‡±ã‡∞≤‡±Ä‡∞∏‡±ç ‡∞Ü‡∞´‡±Ä‡∞∏‡∞∞‡±ç ‡∞á‡∞≤‡∞æ ‡∞®‡∞ø‡∞Ç‡∞ö‡±ã ‡∞™‡±Ü‡∞°‡±Å‡∞§‡±Å‡∞®‡±ç‡∞®‡∞æ‡∞∞‡±Å ‡∞á‡∞ï ‡∞Æ‡±Å‡∞ñ‡±ç‡∞Ø‡∞Æ‡∞Ç‡∞§‡±ç‡∞∞‡∞ø ‡∞Ö‡∞Ø‡∞ø‡∞®‡∞æ‡∞°‡±ã ‡∞ú‡∞®‡∞æ‡∞≤‡∞®‡∞ø ‡∞™‡∞∞‡±Å‡∞ó‡±Å‡∞≤‡±Å ‡∞§‡±Ä‡∞Ø‡∞ø‡∞∏‡±ç‡∞§‡∞æ‡∞°‡±Å	hate
11	‡∞Ö‡∞¨‡±ç‡∞¨‡∞æ ‡∞Ö‡∞¨‡±ç‡∞¨‡∞æ ‡∞è‡∞Æ‡∞ø ‡∞Æ‡∞æ‡∞ü‡±ç‡∞≤‡∞æ‡∞°‡∞æ‡∞∞‡±Å ‡∞∏‡∞∞‡±ç ‡∞ï‡±á‡∞ï ‡∞™‡±Å‡∞ü‡±ç‡∞ü‡∞ø‡∞Ç‡∞ö‡±á ‡∞∏‡±á‡∞∞‡±Å‡∞ó‡∞æ ‡∞®‡∞ø‡∞™‡±ç‡∞™‡±Å ‡∞∏‡∞∞‡±ç ‡∞Æ‡±Ä‡∞∞‡±Å	hate
12	‡∞∏‡±Ç‡∞™‡∞∞‡±ç ‡∞∏‡∞æ‡∞∞‡±ç ‡∞Æ‡±Ä‡∞∞‡±Å ‡∞ö‡∞Ç‡∞¶‡±ç‡∞∞‡∞¨‡∞æ‡∞¨‡±Å ‡∞®‡∞æ‡∞Ø‡±Å‡∞°‡±Å‡∞ï‡∞ø ‡∞ï‡∞æ‡∞µ‡∞æ‡∞≤‡±ç‡∞∏‡∞ø‡∞Ç‡∞¶‡∞ø ‡∞Æ‡±Ä‡∞≤‡∞æ‡∞Ç‡∞ü‡∞ø‡∞µ‡∞æ‡∞∞‡±Å	non-hate
13	‡∞∞‡±ã‡∞Æ‡∞æ‡∞≤‡±Å ‡∞®‡∞ø‡∞ï‡±ç‡∞ï‡∞¨‡±ã‡∞°‡±Å‡∞ö‡±Å‡∞®‡±ç‡∞®‡∞æ‡∞Ø‡±ç ‡∞Æ‡±Ä ‡∞∏‡±ç‡∞™‡±Ä‡∞ö‡±ç ‡∞§‡±ã ‡∞™‡∞µ‡∞∞‡±ç ‡∞´‡±Å‡∞≤‡±ç ‡∞≤‡±Ä‡∞°‡∞∞‡±ç exlent ‡∞µ‡∞æ‡∞Ø‡∞ø‡∞∏‡±ç	non-hate
14	‡∞∏‡±Ç‡∞™‡∞∞‡±ç ‡∞Ö‡∞®‡±ç‡∞®, ‡∞§‡∞ó‡±ç‡∞ó‡±á‡∞¶‡±á ‡∞≤‡±á‡∞¶‡±Å ‡∞Ö‡∞®‡±ç‡∞®, ‡∞Æ‡±Ä‡∞∞‡±Å ‡∞§‡∞ó‡±ç‡∞ó‡∞ï‡∞Ç‡∞°‡∞ø.	non-hate
15	‡∞Ü‡∞≤‡∞æ ‡∞ó‡∞°‡±ç‡∞°‡∞ø ‡∞™‡±á‡∞ü‡∞Ç‡∞°‡∞ø ‡∞µ‡±Ü‡∞ß‡∞µ‡∞ï‡∞ø, ‡∞∏‡±Ç‡∞™‡∞∞‡±ç ‡∞∏‡∞æ‡∞∞‡±ç ‡∞™‡±Å‡∞≤‡∞ø‡∞≤‡∞æ ‡∞â‡∞®‡±ç‡∞®‡∞æ‡∞µ‡±ç.	hate
16	‡∞ö‡∞æ‡∞≤‡∞æ ‡∞¨‡∞æ‡∞ó‡∞æ ‡∞Æ‡∞æ‡∞ü‡±ç‡∞≤‡∞æ‡∞°‡∞æ‡∞∞‡±Å ‡∞Ö‡∞®‡±ç‡∞® ‡∞Æ‡±Ä‡∞ï‡±Å	non-hate
17	‡∞®‡∞æ‡∞ï‡±Ç ‡∞∞‡∞æ‡∞ú‡∞ï‡±Ä‡∞Ø‡∞æ‡∞≤‡±Å ‡∞ï‡∞æ‡∞¶‡±Å ‡∞ï‡∞æ‡∞®‡±Ä ‡∞®‡±Ä ‡∞°‡±à‡∞≤‡∞æ‡∞ó‡±ç ‡∞°‡±Ü‡∞≤‡∞ø‡∞µ‡∞∞‡±Ä ‡∞¨‡∞æ‡∞ó‡±Å‡∞Ç‡∞¶‡∞ø..	non-hate
18	‡∞ö‡∞æ‡∞≤‡∞æ ‡∞∏‡±Ç‡∞™‡∞∞‡±ç ‡∞ó‡∞æ ‡∞Æ‡∞æ‡∞ü‡±ç‡∞≤‡∞æ‡∞°‡∞æ‡∞∞‡±Å ‡∞∏‡∞æ‡∞∞‡±ç	non-hate
19	‡∞Ö‡∞®‡±ç‡∞®‡∞æ ‡∞ö‡∞≤‡∞¨‡∞æ‡∞ó‡∞æ ‡∞Æ‡∞æ‡∞ü‡±ç‡∞≤‡∞æ‡∞°‡∞æ‡∞µ‡±ç ‡∞ü‡±Ä‡∞°‡±Ä‡∞™‡±Ä ‡∞ï‡∞ø ‡∞Æ‡±Ä‡∞≤‡∞æ‡∞Ç‡∞ü‡∞ø‡∞µ‡∞æ‡∞≥‡±ç‡∞≤‡±Å ‡∞ö‡∞æ‡∞≤‡∞æ ‡∞Ö‡∞µ‡∞∏‡∞∞‡∞Ç ‡∞Ø‡±Ü‡∞Ç‡∞§‡±à‡∞®‡∞æ ‡∞â‡∞Ç‡∞¶‡∞ø	non-hate
20	‡∞∏‡±Ç‡∞™‡∞∞‡±ç ‡∞∏‡∞æ‡∞∞‡±ç ‡∞Æ‡±Ä‡∞≤‡∞æ‡∞Ç‡∞ü‡∞ø ‡∞¶‡∞Æ‡±ç‡∞Æ‡±Å‡∞®‡±ç‡∞® ‡∞®‡∞æ‡∞Ø‡∞ï‡±Å‡∞≤‡±Å‡∞™‡∞æ‡∞∞‡±ç‡∞ü‡±Ä‡∞ï‡∞ø ‡∞ö‡∞æ‡∞≤‡∞æ ‡∞Ö‡∞µ‡∞∏‡∞∞‡∞Ç...	non-hate
21	‡∞∏‡±Ç‡∞™‡∞∞‡±ç sir ‡∞Æ‡±Ä‡∞≤‡∞æ‡∞Ç‡∞ü‡∞ø ‡∞®‡∞æ‡∞Ø‡∞ï‡±Å‡∞≤ ‡∞ü‡±Ä‡∞°‡±Ä‡∞™‡±Ä ‡∞≤‡±ã ‡∞µ‡±Å‡∞Ç‡∞ü‡±á  ‡∞∏‡±Ç‡∞™‡∞∞‡±ç ‡∞µ‡±Å‡∞Ç‡∞ü‡±Å‡∞Ç‡∞¶‡∞ø	non-hate
22	‡∞è‡∞Ç ‡∞ö‡±Ü‡∞™‡±ç‡∞™‡∞æ‡∞µ‡±ç ‡∞Ö‡∞ï‡±ç‡∞ï ‡∞®‡±Ä ‡∞Ö‡∞Æ‡±ç‡∞Æ ‡∞é‡∞Ç‡∞§ ‡∞ó‡±ä‡∞™‡±ç‡∞™‡∞¶‡±ã ‡∞¶‡±Ä‡∞®‡±ç‡∞®‡∞ø ‡∞¨‡∞ü‡±ç‡∞ü‡∞ø ‡∞Ö‡∞∞‡±ç‡∞•‡∞Æ‡∞µ‡±Å‡∞§‡±Å‡∞Ç‡∞¶‡∞ø	non-hate
23	Anna gurinchi chelli excellent ga cheppindi	non-hate
24	‡∞Æ‡±Ä ‡∞Ö‡∞®‡±ç‡∞® ‡∞ó‡±Å‡∞∞‡∞ø‡∞Ç‡∞ö‡∞ø ‡∞¨‡∞æ‡∞ó‡∞æ ‡∞ö‡±Ü‡∞™‡±ç‡∞™‡∞æ‡∞µ‡±ç	non-hate
25	‡∞Æ‡±Ä ‡∞µ‡±Ü‡∞®‡∞ï‡∞æ‡∞≤ ‡∞™‡±ç‡∞∞‡∞∂‡∞æ‡∞Ç‡∞§‡±ç ‡∞ï‡∞ø‡∞∑‡±ã‡∞∞‡±ç ‡∞®‡∞°‡∞ø‡∞™‡∞ø‡∞∏‡±ç‡∞§‡±Å‡∞®‡±ç‡∞®‡∞æ‡∞°‡±Å	non-hate
26	Ahankaram tagginchukondi madam..	non-hate
27	‡∞ï‡±ã‡∞ï ‡∞¨‡∞æ‡∞ó‡±Å‡∞Ç‡∞¶‡∞ø ‡∞∞‡∞µ‡∞ø‡∞ï‡∞ø ‡∞á‡∞Ç‡∞ï‡∞æ ‡∞¨‡∞æ‡∞ó‡±Å‡∞Ç‡∞¶‡∞ø	hate
28	‡∞ó‡±Ü‡∞≤‡∞ø‡∞™‡∞ø‡∞Ç‡∞ö‡±Å‡∞ï‡±ä‡∞®‡±ç‡∞®‡∞æ‡∞Ç ‡∞ï‡∞¶‡∞æ ‡∞§‡∞≤‡±ç‡∞≤‡∞ø ‡∞à ‡∞®‡∞∞‡∞ï‡∞Ç ‡∞Ö‡∞®‡±Å‡∞≠‡±Ç‡∞µ‡∞ø‡∞Ç‡∞ö‡∞æ‡∞≤‡∞ø	hate
29	‡∞®‡∞ø‡∞ú‡∞æ‡∞≤‡±Å ‡∞®‡∞ø‡∞ú‡∞æ‡∞Ø‡∞ø‡∞§‡±Ä‡∞ó‡∞æ ‡∞í‡∞™‡±ç‡∞™‡±Å‡∞ï‡±Å‡∞®‡±á ‡∞Æ‡∞®‡∞ø‡∞∑‡∞ø	non-hate
30	‡∞ó‡±ã‡∞∞‡±Ü‡∞Ç‡∞ü‡±ç‡∞≤ ‡∞®‡±Å ‡∞®‡∞ø‡∞®‡±ç‡∞®‡±Å ‡∞í‡∞ï‡±ç‡∞ï ‡∞∏‡±ç‡∞ï‡±ç‡∞∞‡±Ä‡∞®‡±ç ‡∞Æ‡±Ä‡∞¶ ‡∞ö‡±Ç‡∞°‡∞æ‡∞≤‡∞®‡∞ø ‡∞â‡∞Ç‡∞¶‡∞ø.	non-hate
31	‡∞Ö‡∞™‡±ç‡∞™‡∞ü‡∞ø‡∞ï‡∞®‡±ç‡∞®‡∞æ ‡∞á‡∞™‡±ç‡∞™‡±Å‡∞°‡±á ‡∞¨‡∞æ‡∞ó‡±Å‡∞Ç‡∞¶‡∞ø	non-hate
32	‡∞¨‡∞æ‡∞≤‡∞Ø‡±ç‡∞Ø ‡∞¨‡∞æ‡∞¨‡±Å‡∞®‡±á ‡∞Ö‡∞Ø‡±ã‡∞Æ‡∞Ø‡∞Ç‡∞≤‡±ã ‡∞™‡±Ü‡∞ü‡±ç‡∞ü‡∞ø‡∞Ç‡∞ö‡∞æ‡∞µ‡±Å‡∞ó‡∞æ ‡∞Ö‡∞®‡±ç‡∞®‡∞æ	non-hate
33	‡∞®‡∞µ‡±ç‡∞µ‡±Å ‡∞Ü‡∞™‡±Å‡∞ï‡±ã‡∞≤‡±á‡∞ï‡∞™‡±ã‡∞§‡±Å‡∞®‡±ç‡∞®‡∞æ‡∞®‡±Å ‡∞Ö‡∞®‡±ç‡∞®	non-hate
34	‡∞è‡∞Æ‡±ã ‡∞ï‡∞æ‡∞®‡±Ä ‡∞µ‡∞ø‡∞ú‡∞Ø‡∞∂‡∞æ‡∞Ç‡∞§‡∞ø ‡∞ï‡∞ø ‡∞Æ‡∞æ‡∞§‡±ç‡∞∞‡∞Ç ‡∞ñ‡∞ö‡±ç‡∞ö‡∞ø‡∞§‡∞Ç ‡∞ó‡∞æ ‡∞á‡∞Ç‡∞ú‡∞ï‡±ç‡∞∑‡∞®‡±ç ‡∞ö‡±á‡∞∏‡∞ø‡∞â‡∞Ç‡∞ü‡∞æ‡∞°‡±Å	non-hate
35	‡∞¨‡∞æ‡∞≤‡∞Ø‡±ç‡∞Ø ‡∞¨‡∞æ‡∞¨‡±Å feeling ; ‡∞µ‡±Ä‡∞°‡∞ø‡∞ï‡±Ü‡∞≤ ‡∞§‡±Ü‡∞≤‡∞ø‡∞∏‡∞ø‡∞Ç‡∞¶‡∞ø ‡∞Ö‡∞¨‡±ç‡∞¨‡∞æ	non-hate
36	‡∞™‡∞æ‡∞™‡∞Ç ‡∞¨‡∞æ‡∞≤‡∞Ø‡±ç‡∞Ø ‡∞é‡∞Ç ‡∞Ö‡∞∞‡±ç‡∞¶‡∞Ç ‡∞ï‡∞æ‡∞≤‡±á‡∞¶‡±Å	non-hate
37	‡∞é‡∞Ç‡∞§‡∞Æ‡∞Ç‡∞¶‡∞ø ‡∞Ö‡∞®‡∞ø ‡∞ó‡±Å‡∞∞‡±ç‡∞§‡±Å ‡∞™‡±Ü‡∞ü‡±ç‡∞ü‡±Å‡∞ï‡±Å‡∞Ç‡∞ü‡∞æ‡∞®‡±Å ‡∞Ö‡∞®‡∞ø ‡∞¨‡∞æ‡∞≤‡∞Ø‡±ç‡∞Ø ‡∞â‡∞¶‡±ç‡∞¶‡±á‡∞∂‡∞Ç	non-hate
38	‡∞ö‡±á‡∞∏‡∞ø ‡∞â‡∞Ç‡∞ü‡∞æ‡∞∞‡±Å ‡∞∏‡∞ø‡∞®‡∞ø‡∞Æ‡∞æ ‡∞∞‡∞Ç‡∞ó‡∞Ç‡∞≤‡±ã ‡∞á‡∞¶‡∞Ç‡∞§‡∞æ ‡∞ï‡∞æ‡∞Æ‡∞®‡±ç ‡∞ï‡∞¶‡∞æ	non-hate
39	‡∞Æ‡±à ‡∞´‡±á‡∞µ‡∞∞‡±Ü‡∞ü‡±ç ‡∞ü‡±Å ‡∞≤‡∞ï‡±ç‡∞∑‡±ç‡∞Æ‡±Ä ‡∞®‡∞∞‡∞∏‡∞ø‡∞Ç‡∞π ‡∞Æ‡±Ç‡∞µ‡±Ä	non-hate
40	‡∞Æ‡∞ø‡∞∞‡±Å ‡∞Ö‡∞Ç‡∞ü‡±á ‡∞™‡∞ø‡∞ö‡±ç‡∞ö‡∞ø ‡∞ï‡∞æ‡∞®‡±Ä ‡∞ï‡∞≤‡±ç‡∞µ‡∞≤‡±á‡∞Æ‡±Å ‡∞Ö‡∞Ç‡∞§‡±á ‡∞™‡±ç‡∞∞‡±á‡∞Æ ‡∞Ö‡∞®‡±ç‡∞®	non-hate
41	‡∞Ö‡∞≠‡∞ø‡∞Æ‡∞æ‡∞®‡±Å‡∞≤‡±Å ‡∞Ö‡∞Ç‡∞ü‡±á ‡∞é‡∞Ç‡∞§ ‡∞™‡±ç‡∞∞‡±á‡∞Æ‡±ã 	non-hate
42	‡∞∞‡∞µ‡∞ø ‡∞™‡±ç‡∞∞‡∞ï‡∞æ‡∞∑‡±ç ‡∞µ‡∞æ‡∞∞‡±ç‡∞§ ‡∞™‡±ç‡∞∞‡∞™‡∞Ç‡∞ö‡∞Ç‡∞≤‡±ã ‡∞í‡∞ï ‡∞∏‡∞Ç‡∞ö‡∞≤‡∞®‡∞Ç. ‡∞∞‡∞µ‡∞ø ‡∞™‡±ç‡∞∞‡∞ï‡∞æ‡∞∑‡±ç ‡∞≤‡±á‡∞®‡∞ø‡∞¶‡±á ‡∞ü‡±Ä‡∞µ‡±Ä 9‡∞≤‡±á‡∞¶‡±Å	non-hate
43	‡∞ö‡∞ø‡∞∞‡∞Ç‡∞ú‡±Ä‡∞µ‡∞ø ‡∞∏‡∞∞‡±ç ‡∞ï‡∞ø ‡∞á‡∞≤‡∞æ‡∞Ç‡∞ü‡∞ø ‡∞™‡∞∞‡∞ø‡∞∏‡±ç‡∞•‡∞ø‡∞§‡∞ø ‡∞µ‡±ä‡∞∏‡±ç‡∞§‡±Å‡∞Ç‡∞¶‡∞ø ‡∞Ö‡∞®‡∞ø ‡∞é‡∞µ‡±ç‡∞µ‡∞∞‡±Å ‡∞ï‡∞≤‡∞≤‡±ã ‡∞ï‡±Ç‡∞°‡∞æ ‡∞ä‡∞π‡∞ø‡∞Ç‡∞ö‡∞ø ‡∞â‡∞Ç‡∞°‡∞∞‡±Å	non-hate
44	‡∞é‡∞¶‡±Å‡∞ü‡∞ø ‡∞Æ‡∞®‡∞ø‡∞∑‡∞ø‡∞ï‡∞ø ‡∞ö‡±Ü‡∞™‡±ç‡∞™‡±á‡∞ü‡∞Ç‡∞¶‡±Å‡∞ï‡±á ‡∞®‡±Ä‡∞§‡±Å‡∞≤‡±Å ‡∞â‡∞®‡±ç‡∞®‡∞æ‡∞Ø‡∞ø.	hate
45	Mundu kanty epudu Baga style ga unnaru sir	non-hate
46	‡∞≠‡∞Ø‡∞Ç ‡∞Ö‡∞§‡∞®‡∞ø ‡∞¨‡±ç‡∞≤‡∞°‡±ç ‡∞≤‡±ã ‡∞≤‡±á‡∞¶‡±Å	non-hate
47	‡∞é‡∞µ‡∞∞‡±Å ‡∞∏‡∞Ç‡∞ó‡∞§‡∞ø ‡∞è‡∞Æ‡±ã‡∞ó‡∞æ‡∞®‡±Ä ‡∞Æ‡±Ä‡∞∞‡±Å ‡∞Æ‡∞æ‡∞§‡±ç‡∞∞‡∞Æ‡±á ‡∞ö‡∞æ‡∞≤ ‡∞ó‡±ä‡∞™‡±ç‡∞™‡∞µ‡∞æ‡∞∞‡±Å	non-hate
48	Oke okka show tho aksanni antesaru meeru....	non-hate
49	meru..ellgha chinha chinha drse llhu vehyakainde	hate
50	‡∞è‡∞Ç‡∞ü ‡∞Æ‡±Ä ‡∞á‡∞¶‡±ç‡∞¶‡∞∞‡±Å ‡∞¨‡∞æ‡∞ß ‡∞í‡∞ï‡±ç‡∞ï ‡∞Æ‡±Å‡∞ï‡±ç‡∞ï ‡∞Ö‡∞∞‡±ç‡∞•‡∞Ç ‡∞ï‡∞æ‡∞¶‡±Å	non-hate
51	‡∞™‡±á‡∞∞‡±ç‡∞®‡∞ø ‡∞®‡∞æ‡∞®‡∞ø ‡∞ó‡∞æ‡∞∞‡∞ø‡∞®‡∞ø ‡∞¶‡±á‡∞®‡∞ø‡∞§‡±ã ‡∞™‡±ã‡∞≤‡±ç‡∞ö‡∞æ‡∞≤‡±ã ‡∞Ö‡∞∞‡±ç‡∞•‡∞Ç ‡∞ï‡∞æ‡∞µ‡∞ü‡±ç‡∞≤‡±á‡∞¶‡±Å	non-hate
52	‡∞∏‡∞ï‡∞≤ ‡∞ú‡∞®‡±Å‡∞≤‡±Ç ‡∞ï‡±Å‡∞≤‡∞æ‡∞≤‡∞ï‡±Å ‡∞Ö‡∞§‡±Ä‡∞§‡∞Ç‡∞ó‡∞æ ‡∞™‡±ç‡∞∞‡±á‡∞Æ‡∞ø‡∞Ç‡∞ö‡±á....... ‡∞í‡∞ï‡±á ‡∞í‡∞ï‡±ç‡∞ï ‡∞®‡∞æ‡∞Ø‡∞ï‡±Å‡∞°‡±Å	non-hate
53	‡∞Æ‡±Å‡∞Æ‡±ç‡∞Æ‡∞æ‡∞ü‡∞ø‡∞ï‡∞ø ‡∞á‡∞¶‡±á ‡∞®‡∞ø‡∞ú‡∞Ç ‡∞ï‡∞æ‡∞®‡±Ä ‡∞á‡∞≤‡∞æ ‡∞Æ‡∞æ‡∞ü‡±ç‡∞≤‡∞æ‡∞°‡∞ø‡∞§‡±á ‡∞é‡∞µ‡∞∞‡∞ø‡∞ï‡±Ä ‡∞®‡∞ö‡±ç‡∞ö‡∞¶‡±Å	non-hate
54	Pawan kalyan cm aithene Andhra Pradesh bagupaduthundi avari valla kadu andaru dochukune valle unnaru	non-hate
55	‡∞ì‡∞ü‡∞Æ‡∞ø ‡∞é‡∞Ç‡∞§‡±ã ‡∞®‡±á‡∞∞‡±ç‡∞ö‡±Å‡∞ï‡±ã‡∞µ‡∞ö‡±ç‡∞ö‡±Å ‡∞¶‡∞æ‡∞®‡∞ø ‡∞ï‡∞ø‡∞ï‡±ç‡∞ï‡±á ‡∞µ‡±á‡∞∞‡±Å ‡∞â‡∞Ç‡∞ü‡±Å‡∞Ç‡∞¶‡∞ø	non-hate
56	lokesh garu epudu chala matured ga vunnaru	non-hate
57	‡∞ö‡∞æ‡∞≤‡∞æ ‡∞¨‡∞æ‡∞ó‡∞æ ‡∞Ö‡∞°‡∞ø‡∞ó‡∞æ‡∞∞‡±Å ‡∞ï‡∞æ‡∞®‡∞ø ‡∞ï‡∞≤‡∞≤‡±Å ‡∞ï‡∞®‡∞°‡∞Ç ‡∞Æ‡∞Ç‡∞ö‡∞ø‡∞¶‡∞ø	non-hate
58	‡∞Ö‡∞®‡±ç‡∞®‡∞æ ‡∞à ‡∞Æ‡±Å‡∞∏‡∞≤‡∞ø ‡∞á‡∞™‡±ç‡∞™‡±Å‡∞°‡±Å ‡∞≤‡±á‡∞¶‡±Å ‡∞Æ‡±ä‡∞®‡±ç‡∞® ‡∞ö‡∞®‡∞ø‡∞™‡±ã‡∞µ‡∞°‡∞Ç ‡∞ú‡∞∞‡∞ø‡∞ó‡∞ø‡∞Ç‡∞¶‡∞ø	hate
59	‡∞∏‡±Ç‡∞™‡∞∞‡±ç ‡∞≠‡∞æ‡∞®‡±Å	non-hate
60	Miku mana support yeppudi untundi Annayya we love Pavan boss Ô∏è	non-hate
61	Anna nuvu vara level ante	non-hate
62	‡∞Ö‡∞®‡±ç‡∞®‡∞Ø‡±ç‡∞Ø ‡∞™‡±á‡∞∞‡±Å ‡∞µ‡∞ø‡∞Ç‡∞ü‡±á ‡∞ó‡±Ç‡∞∏‡±ç ‡∞¨‡∞Æ‡±ç‡∞∏‡±ç ‡∞µ‡∞∏‡±ç‡∞§‡∞æ‡∞Ø‡±ç	non-hate
63	Rgv tho vaka interview plan chesthunava nuvu kuda	non-hate
64	Idi Edo reel kabhatti sari poindhi lekha pothe aadhi anna deenikhi kuda eadoka setair veseavadu Mee midha	hate
65	Slient pettu bangaram phone	hate
66	Tension lo silent lo pettadam marchipoyindhi	non-hate
67	naresh pottigane vundura famous ga vuntav	non-hate
68	‡∞®‡∞ø‡∞ú‡∞Ç‡∞ó‡∞æ ‡∞à ‡∞™‡∞æ‡∞ü ‡∞â‡∞Ç‡∞¶‡∞æ	non-hate
69	E phone Baya inta clarity vachindi video adi theatre lo	non-hate
70	Songs kosam mv ki vellochu super unnayi 3 songs	non-hate
71	Ekkada bro nuv ee movie chusindi 	non-hate
72	Ye mobile lo thesav bro clarity bagundhi	non-hate
73	Epudu varaku upload chysina videos e video a clarity ga vundi	non-hate
74	Movie  block buster Mass jathara bomma daddarillipoyindi in theatres super dooper hit	non-hate
75	ùô∞ùöùùöùùöéùöóùöçùöéùöóùöåùöé ùöêùöûùöõùöíùöóùöåùöëùöí ùöûùöóùöùùöé ùöãùöäùöêùöûùöóùöçùöû	non-hate
76	4 lo second di tisi 1 ki 2 ki madyalo pedite 4 avtundi order saripotadi	non-hate
77	same nen ade anukunna	non-hate
78	okkati kuda thiyanavasarm ledhu 	hate
79	yela vastai ilaanti idea lu‚Ä¶	non-hate
80	Table reverse move cheyyali okasari	non-hate
81	4 unnai kada andulo okati teyali easy	non-hate
82	Nenu ithae thinevadini inthsepu chudanu	non-hate
83	‡∞≤‡∞æ‡∞∏‡±ç‡∞ü‡±ç ‡∞®‡∞æ‡∞≤‡±Å‡∞ó‡±Å ‡∞¨‡∞æ‡∞ß‡∞Æ‡±Å ‡∞≤‡±ã ‡∞Æ‡±ä‡∞¶‡∞ü‡∞ø ‡∞∞‡±Ü‡∞Ç‡∞°‡±Å ‡∞¨‡∞æ‡∞ß‡∞Æ‡±Å ‡∞≤‡±ã ‡∞í‡∞ï‡∞ü‡∞ø ‡∞§‡±Ä‡∞∏‡±Å‡∞ï‡±ä‡∞®‡∞ø ‡∞≤‡∞æ‡∞∏‡±ç‡∞ü‡±ç ‡∞≤‡±ã ‡∞í‡∞ï‡∞ü‡∞ø ‡∞™‡±Ü‡∞°‡∞ø‡∞§‡±á ‡∞∏‡∞∞‡∞ø‡∞™‡±ã‡∞§‡±Å‡∞Ç‡∞¶‡∞ø ‡∞∏‡∞ø‡∞Ç‡∞™‡±Å‡∞≤‡±ç	non-hate
84	asalu dance undhi chudu bro hats off antey	non-hate
85	‡∞Ø‡±Ç‡∞ü‡±ç‡∞Ø‡±Ç‡∞¨‡±ç ‡∞≤‡±ã ‡∞è‡∞Æ‡∞®‡∞ø ‡∞∏‡∞∞‡±ç‡∞ö‡±ç ‡∞ö‡±á‡∞Ø‡∞æ‡∞≤‡∞ø ‡∞¨‡±ç‡∞∞‡±ã ‡∞à ‡∞™‡∞æ‡∞ü ‡∞ï‡±ã‡∞∏‡∞Ç	non-hate
86	Dani kanna mundu gym lantivi join aiyi slim avali apudu try cheyochu evanni	non-hate
87	‡∞í‡∞ï‡∞∏‡∞æ‡∞∞‡∞ø ‡∞Æ‡∞æ ‡∞§‡±Ü‡∞≤‡∞Ç‡∞ó‡∞æ‡∞£ ‡∞ï‡∞ø ‡∞∞ ‡∞¨‡±ç‡∞∞‡∞¶‡∞∞‡±ç... ‡∞®‡±Ä‡∞ï‡±Å ‡∞Ö‡∞¶‡∞ø‡∞ï‡±Ç‡∞°‡∞æ ‡∞¶‡±ä‡∞∞‡∞ï‡∞¶‡±Å... ‡∞â‡∞®‡±ç‡∞®‡∞¶‡∞ø ‡∞ö‡±á‡∞∏‡±Å‡∞ï‡±ä‡∞®‡∞ø ...‡∞µ‡±á‡∞∞‡±á ‡∞ú‡∞æ‡∞¨‡±ç ‡∞ï‡∞ø ‡∞ü‡±ç‡∞∞‡±ç‡∞Ø‡±ç ‡∞ö‡±Ü‡∞Ø‡±ç	non-hate
88	‡∞ï‡±ä‡∞Ç‡∞§‡∞Æ‡∞Ç‡∞¶‡∞ø ‡∞ï‡∞æ ‡∞â‡∞¶‡±ç‡∞Ø‡±ã‡∞ó‡∞Ç ‡∞ï‡±Ç‡∞°‡∞æ ‡∞≤‡±á‡∞¶‡±Å	non-hate
89	Kinda paddakuda meeku emkaledu 	non-hate
90	‡∞™‡±ç‡∞∞‡∞æ‡∞£‡∞Ç ‡∞™‡±ã‡∞§‡±á ‡∞§‡∞ø‡∞∞‡∞ø‡∞ó‡∞ø ‡∞∞‡∞æ‡∞¶‡±Å ‡∞¨‡±ç‡∞∞‡∞¶‡∞∞‡±ç‡∞∏‡±ç,,, ‡∞ö‡±Ç‡∞∏‡±Å‡∞ï‡±ä‡∞®‡∞ø ‡∞°‡±ç‡∞∞‡±à‡∞µ‡±ç ‡∞ö‡±á‡∞Ø‡∞Ç‡∞°‡∞ø ‡∞™‡±ç‡∞≤‡±Ä‡∞ú‡±ç 	non-hate
91	‡∞°‡∞¨‡±ç‡∞¨‡±Å ‡∞™‡±ã‡∞§‡±á ‡∞§‡∞ø‡∞∞‡±Å‡∞ó‡±Å ‡∞∏‡∞Ç‡∞™‡∞æ‡∞¶‡∞ø‡∞Ç‡∞ö‡±Å‡∞ï‡±ã‡∞µ‡∞ö‡±ç‡∞ö‡±Å ‡∞ï‡∞æ‡∞®‡±Ä ‡∞™‡±ç‡∞∞‡∞æ‡∞£‡∞Ç ‡∞™‡±ã‡∞§‡±á ‡∞§‡∞ø‡∞∞‡∞ø‡∞ó‡∞ø ‡∞∏‡∞Ç‡∞™‡∞æ‡∞¶‡∞ø‡∞Ç‡∞ö‡∞ø‡∞Ç‡∞¶‡∞ø ‡∞ï‡±ä‡∞Ç‡∞ö‡±Ü‡∞Ç ‡∞ú‡∞æ‡∞ó‡±ç‡∞∞‡∞§‡±ç‡∞§‡∞ó‡∞æ ‡∞°‡±ç‡∞∞‡±à‡∞µ‡±ç ‡∞ö‡±á‡∞Ø‡∞Ç‡∞°‡∞ø	non-hate
92	Cheppedhi em lekapoina ha hm ani anna parledhu vallatho matladali anthee	non-hate
93	Phone cut chesthey inka yavaritho mataladestham ani Ami leka poina chepu chepu ani rod avtharu edhi fact	non-hate
94	Dharani badha padthunte naku nachatle e videos vdu	hate
95	‡∞è‡∞Ç ‡∞Æ‡∞æ‡∞ü‡±ç‡∞≤‡∞æ‡∞°‡±Å‡∞§‡±Å‡∞®‡±ç‡∞®‡∞æ‡∞∞‡±Å ‡∞∞‡∞æ ‡∞®‡∞∞‡∞æ‡∞≤‡±Å ‡∞ï‡∞ü‡±ç ‡∞ê‡∞™‡±ã‡∞Ø‡∞ø‡∞®‡∞æ‡∞Ø‡±ç ‡∞¶‡∞Ø‡∞ö‡±á‡∞∏‡∞ø ‡∞∑‡±ã ‡∞¨‡∞Ç‡∞¶‡±ç ‡∞ö‡±á‡∞Ø‡∞°‡∞Ç ‡∞Æ‡±á‡∞≤‡±Å 	non-hate
96	‡∞í‡∞∞‡±á‡∞Ø‡±ç ‡∞Ü ‡∞™‡±ã‡∞°‡±Å‡∞™‡±Å ‡∞ï‡∞• ‡∞Ö‡∞∞‡∞ü‡±Ä‡∞ï‡∞æ‡∞Ø	non-hate
97	‡∞∞‡∞∑‡±ç‡∞Æ‡∞ø‡∞¶‡∞ø ‡∞Ö‡∞®‡∞ø ‡∞ö‡±Ü‡∞™‡±ç‡∞™‡∞ø ‡∞Ü‡∞¶‡∞ø ‡∞≤‡±á‡∞ï‡∞™‡±ã‡∞§‡±á ‡∞Ö‡∞≤‡±Å‡∞ó‡±Å‡∞§‡±Å‡∞Ç‡∞¶‡∞ø ‡∞∏‡±ç‡∞§‡±ç‡∞∞‡±Ä‡∞≤ ‡∞™‡∞∞‡±Å‡∞µ‡±Å‡∞§‡±Ä‡∞∏‡±ç‡∞§‡±Å‡∞®‡±ç‡∞®‡∞¶‡∞ø	non-hate
98	Madam sigupaduthundhi emaina guthochintlu undhi	non-hate
99	Meru battalu vesykovadam avasarama	hate
100	Masooda fancy store lo konnava..	hate
101	Ayina valla evaro gf neku msg ki enduku reply istadhi bayya	hate
102	Papam bratheke unada ga ney champasavu kadha bro papam	non-hate
103	Chitu videos Post cheyandi cute ga unnnadu	non-hate
104	Endukante miku circus and gimanstics radu only dance mathrame vachu kabatti sir 	hate
105	Shekhar master indulo unnada leda?	hate
106	Avunu sir meeru dance chestaru kani veelaki circus kavalii	non-hate
107	Ramana gogula voice Pawan anna ki super ga set avthadi	non-hate
108	Appatlo ee kacheri lu bhale undedvi	non-hate
109	‡∞∏‡∞Ç‡∞ú‡∞Ø‡±ç ‡∞Æ‡∞Ç‡∞¶‡±Å ‡∞™‡∞æ‡∞∞‡±ç‡∞ü‡±Ä ‡∞≤‡±á‡∞¶	hate
110	Endi ayya idi entha mandiki ide recording pettaru	non-hate
111	Idhi nijanga jarigindha leka veellaki news ledhani kottha news create chesaara	hate
112	Arey ma intlo naku 2k kuda gettiga evaru	hate
113	Papam andaru help cheyali valla family ki	non-hate
114	‡∞∞‡±Ü‡∞∏‡±Ü‡∞Ç‡∞ü‡±ç ‡∞ó‡∞æ ‡∞Æ‡±á‡∞Æ‡±Å ‡∞Ö‡∞µ‡∞§‡∞æ‡∞∞‡±ç ‡∞∏‡∞ø‡∞®‡∞ø‡∞Æ‡∞æ‡∞ï‡∞ø ‡∞Ø‡±Ü‡∞≤‡±ç‡∞≤‡∞ø‡∞®‡∞™‡±Å‡∞°‡±Å ‡∞á‡∞ü‡±ç‡∞≤‡∞æ‡∞Ç‡∞ü‡±ç ‡∞∏‡±Ä‡∞®‡±á ‡∞ö‡±Ç‡∞∏‡∞æ‡∞Ç ‡∞≠‡∞Ø‡±ç‡∞Ø‡∞æ	non-hate
115	Next janasena ‡∞ï‡±Ä vote ‡∞µ‡±á‡∞Ø‡∞Ç‡∞°‡∞ø	non-hate
116	E ycp valu Adho goppa dhanam chesaru ani e sound Anti bhaiya	non-hate
117	Kerak dance mare Tagadeladu ladu Antha	hate
118	Papam e papa aa song ni chusi chusi ila aipoindi	non-hate
119	Rey edho reels chesthe comments enti bro alla pettaru	hate
120	Aa patalo una depth mee voice lo kanipinchindhi	non-hate
121	Nenu velu pedatha choodu Nenu velu pedatha choodu	hate
122	‡∞á‡∞Ç‡∞§‡∞ï‡±Ä ‡∞è‡∞Ç ‡∞™‡∞æ‡∞ü ‡∞Ö‡∞¶‡∞ø	non-hate
123	‡∞Ö‡∞®‡±Å‡∞™‡∞Æ ‡∞≤‡∞æ‡∞ó‡∞æ ‡∞Æ‡∞≥‡±ç‡∞≤‡±Ä ‡∞™‡±Å‡∞ü‡±ç‡∞ü‡∞æ‡∞≤‡∞ø	non-hate
124	‡∞á‡∞≤‡∞æ‡∞Ç‡∞ü‡∞ø ‡∞Ö‡∞®‡±ç‡∞®‡∞Ø‡±ç‡∞Ø ‡∞®‡∞æ‡∞ï‡±Å ‡∞ï‡∞æ‡∞µ‡∞æ‡∞≤‡∞ø ‡∞™‡±ç‡∞≤‡±Ä‡∞ú‡±ç ‡∞®‡∞æ‡∞ï‡±Å ‡∞Ö‡∞®‡±ç‡∞®‡∞Ø‡±ç‡∞Ø ‡∞ó‡∞æ ‡∞µ‡±Å‡∞Ç‡∞°‡∞ø ‡∞™‡±ã‡∞µ ‡∞Ö‡∞®‡±ç‡∞®‡∞Ø‡±ç‡∞Ø 	non-hate
125	naku annayya ledhu	hate
126	‡∞Ø‡∞æ‡∞Ç‡∞ï‡∞∞‡±ç ‡∞∏‡±Ç‡∞™‡∞∞‡±ç ‡∞ó‡∞æ ‡∞â‡∞Ç‡∞¶‡∞ø... ‡∞Ü‡∞∞‡±ç‡∞ú‡±Ä‡∞µ‡∞ø ‡∞ó‡∞æ‡∞∞‡∞ø‡∞ï‡∞ø ‡∞´‡±Å‡∞≤‡±ç ‡∞é‡∞®‡∞∞‡±ç‡∞ú‡±Ä ‡∞á‡∞∏‡±ç‡∞§‡±Å‡∞Ç‡∞¶‡∞ø.	non-hate
127	‡∞®‡±Ä‡∞≤‡∞æ‡∞Ç‡∞ü‡±ã‡∞≥‡±ç‡∞≤‡∞®‡∞ø ‡∞ö‡±Ç‡∞∏‡±ç‡∞§‡±á ‡∞Ü‡∞ü‡±ã‡∞Æ‡±á‡∞ü‡∞ø‡∞ï‡±ç ‡∞é‡∞®‡∞∞‡±ç‡∞ú‡±Ä	non-hate
128	‡∞∏‡±Ç‡∞™‡∞∞‡±ç ‡∞µ‡±Å‡∞Ç‡∞¶‡∞ø... ‡∞´‡∞ø‡∞ú‡∞ø‡∞ï‡±ç	non-hate
129	‡∞Ø‡∞æ‡∞Ç‡∞ï‡∞∞‡±ç ‡∞è‡∞Ç‡∞ü‡∞ø ‡∞∞‡∞æ ‡∞¨‡∞æ‡∞¨‡±Å ‡∞∏‡±Ç‡∞™‡∞∞‡±ç ‡∞ó‡∞æ ‡∞â‡∞Ç‡∞¶‡∞ø	non-hate
130	‡∞á‡∞≤‡∞æ‡∞Ç‡∞ü‡∞ø ‡∞Ø‡∞æ‡∞Ç‡∞ï‡∞∞‡±ç ‡∞µ‡±Å‡∞Ç‡∞ü‡±á ‡∞é‡∞µ‡∞∞‡∞ø‡∞ï‡±à‡∞®‡∞æ ‡∞é‡∞®‡∞∞‡±ç‡∞ú‡±Ä ‡∞µ‡∞∏‡±ç‡∞§‡±Å‡∞Ç‡∞¶‡∞ø	non-hate
131	‡∞è‡∞¶‡±á‡∞Æ‡±à‡∞®‡∞æ rgv ‡∞®‡∞ø ‡∞á‡∞Ç‡∞ü‡∞∞‡±ç‡∞µ‡±ç‡∞Ø‡±Ç ‡∞≤‡±Å ‡∞ö‡±á‡∞∏‡±á anchor ‡∞≤‡±Å	hate
132	‡∞®‡±Å‡∞µ‡±ç‡∞µ‡±Å ‡∞ï‡±á‡∞ï ‡∞µ‡∞æ ‡∞Ö‡∞Ç‡∞Æ‡∞ø ‡∞®‡±Å‡∞Ç‡∞®‡±Å ‡∞ö‡±Ç‡∞∂‡∞æ‡∞ï ‡∞Æ‡∞§‡∞ø‡∞™‡±ã‡∞§‡±Å‡∞Ç‡∞¶‡∞ø	hate
133	‡∞∞‡∞æ‡∞®‡±Å ‡∞∞‡∞æ‡∞®‡±Å ‡∞ó‡±ç‡∞≤‡∞æ‡∞Æ‡∞∞‡±ç ‡∞µ‡∞ö‡±ç‡∞ö‡±á‡∞∏‡±ç‡∞§‡±Å‡∞®‡±ç‡∞®‡∞æ‡∞µ‡±ç ‡∞Ü‡∞Ç‡∞ü‡±Ä	non-hate
134	"""Rana"" garu ee madya baaga ""famous"" avuthunnaru"	non-hate
135	‡∞¨‡∞æ‡∞π‡±Å‡∞¨‡∞≤‡∞ø‡∞≤‡±ã ‡∞®‡∞ø‡∞ú‡∞Ç‡∞ó‡∞æ ‡∞∞‡∞æ‡∞®‡∞æ ‡∞Ü‡∞ï‡±ç‡∞ü‡∞ø‡∞Ç‡∞ó‡±ç ‡∞¨‡∞æ‡∞ó‡±Å‡∞Ç‡∞¶‡∞ø	non-hate
136	‡∞ï‡∞§‡±ç‡∞§‡∞ø ‡∞≤‡∞æ‡∞Ç‡∞ü‡∞ø ‡∞Ø‡∞æ‡∞Ç‡∞ï‡∞∞‡±ç	hate
137	‡∞Æ‡±Ä‡∞∞‡±Å ‡∞Æ‡±Ü‡∞ó‡∞æ‡∞∏‡±ç‡∞ü‡∞æ‡∞∞‡±ç ‡∞Ö‡∞®‡±ç‡∞®‡∞Ø‡±ç‡∞Ø	non-hate
138	‡∞Æ‡±Ü‡∞ó‡∞æ ‡∞∏‡±ç‡∞ü‡∞æ‡∞∞‡±ç ‡∞™‡∞ï‡±ç‡∞ï‡∞® ‡∞ï‡±Ç‡∞∞‡±ç‡∞ö‡±Å‡∞®‡±á ‡∞π‡∞ï‡±ç‡∞ï‡±Å ‡∞®‡∞ø‡∞§‡±ç‡∞Ø ‡∞ï‡∞ø ‡∞≤‡±á‡∞¶‡±Å..	non-hate
139	Naku e interview chusaka babu gari meda enka respect chala perigindi	non-hate
140	CBN, YSR ‡∞ó‡∞æ‡∞∞‡±Å ‡∞í‡∞ï‡±ç‡∞ï‡∞ü‡±á ‡∞™‡∞æ‡∞∞‡±ç‡∞ü‡±Ä ‡∞≤‡±ã ‡∞â‡∞Ç‡∞°‡∞ø ‡∞â‡∞Ç‡∞ü‡±á ‡∞Æ‡∞® ‡∞∞‡∞æ‡∞∑‡±ç‡∞ü‡∞Ç ‡∞°‡±Ü‡∞µ‡∞≤‡∞™‡±ç‡∞Æ‡±Ü‡∞Ç‡∞ü‡±ç ‡∞≤‡±ã NO:1 ‡∞™‡±ç‡∞≤‡±á‡∞∏‡±ç ‡∞≤‡±ã ‡∞â‡∞Ç‡∞°‡±á‡∞¶‡∞ø.	non-hate
141	‡∞Æ‡±Ä‡∞∞‡±Å ‡∞ö‡∞æ‡∞≤‡∞æ ‡∞ó‡±ç‡∞∞‡±á‡∞ü‡±ç ‡∞∏‡∞æ‡∞∞‡±ç ‡∞Æ‡±Ä‡∞≤‡∞æ‡∞Ç‡∞ü‡∞ø ‡∞≤‡±Ä‡∞°‡∞∞‡±ç ‡∞≤‡±á‡∞°‡±Å	non-hate
142	Chandrababu Gari rajasekhar Gari sneham super	non-hate
143	‡∞ó‡±Ü‡∞≤‡±Å‡∞∏‡±Å‡∞ï‡±Å‡∞®‡±ç‡∞® ‡∞µ‡±Ü‡∞ï‡±ç‡∞§‡∞ø ‡∞ö‡∞æ‡∞≤ ‡∞Ö‡∞¶‡±É‡∞∑‡±ç‡∞ü ‡∞Æ‡∞Ç‡∞§‡±Å‡∞°‡±Å	non-hate
144	‡∞Æ‡±Ä‡∞∞‡±Å ‡∞á‡∞≤‡∞æ‡∞Ç‡∞ü‡∞ø ‡∞é‡∞Æ‡±ç‡∞Æ‡±Ü‡∞≤‡±ç‡∞Ø‡±á‡∞≤‡±Å ‡∞Æ‡∞® ‡∞¶‡±á‡∞∂‡∞Ç‡∞≤‡±ã ‡∞ï‡∞æ‡∞µ‡∞æ‡∞≤‡∞ø ‡∞∏‡∞æ‡∞∞‡±ç	non-hate
145	‡∞Æ‡∞æ‡∞¶‡∞ø ‡∞Ö‡∞®‡∞Ç‡∞§‡∞™‡±Å‡∞∞‡∞Ç ‡∞Æ‡∞æ ‡∞ä‡∞∞‡±Å ‡∞¶‡∞ó‡±ç‡∞ó‡∞∞‡∞≤‡±ã‡∞®‡±á ‡∞ß‡∞∞‡±ç‡∞Æ‡∞µ‡∞∞‡∞Ç ‡∞ï‡±á‡∞§‡∞ø‡∞∞‡±Ü‡∞°‡±ç‡∞°‡∞ø ‡∞Ö‡∞®‡±ç‡∞® ‡∞ö‡∞æ‡∞≤‡∞æ ‡∞Æ‡∞Ç‡∞ö‡∞ø ‡∞µ‡±ç‡∞Ø‡∞ï‡±ç‡∞§‡∞ø	non-hate
146	‡∞ï‡±á‡∞§‡∞ø‡∞∞‡±Ü‡∞°‡±ç‡∞°‡∞ø ‡∞ó‡∞æ‡∞∞‡∞ø ‡∞Æ‡∞®‡∞∏‡±Å ‡∞ö‡∞æ‡∞≤‡∞æ ‡∞Æ‡∞Ç‡∞ö‡∞ø‡∞¶‡∞ø,...	non-hate
147	‡∞Æ‡±Ä videos ‡∞Ö‡∞®‡±ç‡∞®‡∞ø ‡∞ö‡±Ç‡∞∏‡∞ø ‡∞Æ‡±Ä‡∞ï‡±Å ‡∞¶‡±á‡∞µ‡±Å‡∞°‡±Å ‡∞á‡∞Ç‡∞ï‡∞æ ‡∞é‡∞Ç‡∞§‡±ã ‡∞á‡∞µ‡±ç‡∞µ‡∞æ‡∞≤‡∞®‡∞ø ‡∞ï‡±ã‡∞∞‡±Å‡∞§‡±Å‡∞®‡±ç‡∞®‡∞æ ‡∞Ö‡∞®‡±ç‡∞®	non-hate
148	‡∞Æ‡±Ä‡∞≤‡∞æ‡∞Ç‡∞ü‡∞ø ‡∞µ‡∞æ‡∞∞‡±Å ‡∞Æ‡∞æ ‡∞§‡±Ü‡∞≤‡∞Ç‡∞ó‡∞æ‡∞£ ‡∞ï‡±Å ‡∞∞‡∞æ‡∞µ‡∞æ‡∞≤‡∞ø ‡∞Ö‡∞®‡±ç‡∞®‡∞Ø‡±ç‡∞Ø	non-hate
149	‡∞Ö‡∞®‡±ç‡∞® ‡∞®‡±á‡∞®‡±Å ‡∞ö‡±á‡∞∏‡±á ‡∞™‡±Ç‡∞ú‡∞≤‡±Å, ‡∞ú‡∞™‡∞æ‡∞≤‡±Å, ‡∞®‡∞æ‡∞ï‡±Å ‡∞µ‡∞ö‡±ç‡∞ö‡±á ‡∞™‡±Å‡∞£‡±ç‡∞Ø‡∞Ç ‡∞Ö‡∞Ç‡∞§‡∞æ ‡∞®‡±Ä‡∞ï‡±á ‡∞ö‡∞Ç‡∞¶‡∞æ‡∞≤‡∞®‡∞ø ‡∞¶‡±á‡∞µ‡±Å‡∞®‡∞ø ‡∞ï‡∞ø ‡∞ï‡±ã‡∞∞‡±Å‡∞ï‡±Å‡∞Ç‡∞ü‡∞æ ‡∞Ö‡∞®‡±ç‡∞®	non-hate
150	‡∞´‡±ç‡∞Ø‡∞æ‡∞ï‡±ç‡∞∑‡∞®‡±ç ‡∞™‡±ç‡∞∞‡∞ï‡±ç‡∞ï‡∞® ‡∞™‡±Ü‡∞ü‡±ç‡∞ü‡∞ø ,‡∞™‡±ç‡∞∞‡∞ú‡∞≤‡±ç‡∞≤‡±ã ‡∞ó‡±Å‡∞Ç‡∞°‡±Ü‡∞≤‡±ç‡∞≤‡±ã ‡∞â‡∞®‡±ç‡∞®‡∞æ‡∞∞‡±Å ‡∞∏‡∞∞‡±ç	non-hate
151	 meru ap kuda cm aeithe bagunu sir	non-hate
152	YCP lo avarena manchiga work chethunaru anthe Adhi MLA KETHI REDDY gare	non-hate
153	Anna meeru chesepanulaki matallev anna	non-hate
154	Super sir pillalu chala chala happyga fell avtharu	non-hate
155	‡∞Æ‡±Ä ‡∞ó‡±Å‡∞∞‡∞ø‡∞Ç‡∞ö‡∞ø ‡∞ö‡±Ü‡∞™‡±ç‡∞™‡∞°‡∞æ‡∞®‡∞ø‡∞ï‡∞ø ‡∞Æ‡∞æ‡∞ü‡∞≤‡±ç ‡∞≤‡±á‡∞µ‡±Å ‡∞Æ‡±Ä‡∞∞‡±Å ‡∞∏‡±Ç‡∞™‡∞∞‡±ç ‡∞Ö‡∞®‡±ç‡∞®	non-hate
156	‡∞¨‡∞Ç‡∞°‡∞ø ‡∞Ü‡∞Æ‡±Ü‡∞ï‡∞ø ‡∞∏‡∞æ‡∞Ø‡∞Ç ‡∞ö‡±á‡∞∂‡∞æ‡∞∞‡±Å., ‡∞Ö‡∞≤‡∞æ‡∞ó‡±á ‡∞™‡∞ø‡∞≤‡±ç‡∞≤‡∞≤‡±Å ‡∞ï‡∞ø ‡∞ï‡±ä‡∞®‡∞ø ‡∞™‡±Ü‡∞ü‡±ç‡∞ü‡∞æ‡∞∞‡±Å	non-hate
157	‡∞•‡∞æ‡∞Ç‡∞ï‡±ç‡∞Ø‡±Ç ‡∞Ö‡∞®‡±ç‡∞® ‡∞Æ‡±Ä‡∞≤‡∞æ‡∞Ç‡∞ü‡∞ø ‡∞é‡∞Æ‡±ç‡∞Æ‡±Ü‡∞≤‡±ç‡∞Ø‡±á ‡∞®‡∞ø ‡∞é‡∞ï‡±ç‡∞ï‡∞° ‡∞ö‡±Ç‡∞°‡∞°‡∞Ç ‡∞≤‡±á‡∞¶‡±Å	non-hate
158	‡∞Æ‡±Ä‡∞ï‡±Å ‡∞ú‡∞®‡±ç‡∞Æ ‡∞®‡∞ø‡∞ö‡±ç‡∞ö‡∞ø‡∞® ‡∞§‡∞≤‡±ç‡∞≤‡∞ø‡∞¶‡∞Ç‡∞°‡±ç‡∞∞‡±Å‡∞≤‡∞ï‡±Å ‡∞é‡∞Ç‡∞§‡±ã ‡∞Ö‡∞¶‡±É‡∞∑‡±ç‡∞ü‡∞Ç	non-hate
159	‡∞∏‡±Å‡∞™‡∞∞‡±ç ‡∞∏‡∞æ‡∞∞‡±ç ‡∞Æ‡±Ä‡∞≤‡∞æ‡∞Ç‡∞ü‡∞ø ‡∞é‡∞Æ‡±ç‡∞Æ‡±Ü‡∞≤‡±ç‡∞Ø‡±á ‡∞Æ‡∞æ ‡∞§‡±Ü‡∞≤‡∞Ç‡∞ó‡∞®‡∞ï‡±Å ‡∞ï‡∞µ‡∞≤‡∞ø	non-hate
160	akkada old people ki help chesaru and at the same time children ni happy chesaru	non-hate
161	‡∞Ö‡∞®‡±ç‡∞® ‡∞Æ‡±Ä‡∞≤‡∞æ‡∞Ç‡∞ü‡∞ø ‡∞é‡∞Æ‡±ç‡∞Æ‡±Ü‡∞≤‡±ç‡∞Ø‡±á‡∞®‡∞ø ‡∞ö‡±Ç‡∞∏‡±ç‡∞§‡±Å‡∞Ç‡∞ü‡±á ‡∞ö‡∞æ‡∞≤‡∞æ ‡∞∏‡∞Ç‡∞§‡±ã‡∞∑‡∞Ç‡∞ó‡∞æ ‡∞â‡∞Ç‡∞¶‡∞®‡±ç‡∞®	non-hate
162	‡∞Æ‡∞æ ‡∞ä‡∞∞‡±Å ‡∞™‡∞æ‡∞µ‡∞ó‡∞° ‡∞Æ‡±Ä‡∞≤‡∞æ‡∞Ç‡∞ü‡∞ø ‡∞µ‡∞æ‡∞≥‡±ç‡∞≥‡±Å ‡∞ï‡∞∞‡±ç‡∞£‡∞æ‡∞ü‡∞ï ‡∞ï‡∞ø ‡∞∞‡∞æ‡∞µ‡∞æ‡∞≤‡∞ø	hate
163	Mothaniki horn kotta kunda pani cheyyaru ani maku ardham ayindhi	hate
164	Men bane unnam kani mirenti mari road midha ekkada room ledha	hate
165	Mem bane unnam kani.... Niku venuka bagunda	hate
166	Mega star n shekar master all time block buster HIT	non-hate
167	Mari train nadipe vadini kodithe enni horns kodathadu 	non-hate
168	Maaa entiki vachi bangaram edharam kalisi tindham	hate
169	M M ‡∞ï‡±Ä‡∞∞‡∞µ‡∞æ‡∞£‡∞ø ‡∞∏‡∞Ç‡∞ó‡±Ä‡∞§‡∞Ç ‡∞Ö‡∞Ç‡∞ü‡±á ‡∞Æ‡∞æ‡∞Æ‡±Ç‡∞≤‡±Å‡∞ó‡∞æ ‡∞µ‡±Å‡∞Ç‡∞°‡∞¶‡±Å ‡∞∞‡∞ï‡±ç‡∞§‡∞Ç ‡∞Æ‡∞∞‡∞ø‡∞ó‡∞ø‡∞™‡±ã‡∞§‡±ã‡∞Ç‡∞¶‡∞ø	non-hate
170	Kaanivanndi ra kaanivandi	hate
171	Janalu picha nayallu ayte avaru yemaina tisukontaru bro	hate
172	Inni horns vinna kabatti naku pichi ekkuthundhi ani ardam 	hate
173	Indulo thappu evaridhi???	hate
174	Indhakati nunchi choosthunna aa dress endhuku yeguruthi bayya	non-hate
175	Ila e video continuous ga mem andharam chusthey maa andhariki burrapadu ani ardham 	non-hate
176	I have one dout long drive ke velle em chestaru  haa jst asking 	non-hate
177	Fast ga vacchina vadu,road cross chesthunna vadu iddharu eps ey	non-hate
178	Face chupichakud eanti sis edhi	hate
179	Eppudu cbi ni kuda ammuthadu ley	hate
180	Enti dhabidi dhibedena car loo .. motham ah ah naughty Bhanu	hate
181	Endhuku adiganu ra anukkoni untadhi	hate
182	Ee pilla March lo 10 th rasindhi kada malli school lo ne undhi enti	non-hate
183	ECE antay branch kadu Fire  u	non-hate
184	Direct ga food department ni adagaleka ala cover chesindhi	hate
185	DC machines degara velli induction motor antadu ndi	hate
186	Dailogue matram superb ga cheparandi	non-hate
187	College ki poni vallaki ye day aithe emi 	non-hate
188	Cinima release ayyaka e song famous avthadi nenu chepthunna raskondi	non-hate
189	Chillara mohani judge ga pettindhi evarra	hate
190	Chala akali vesthundhi baga	non-hate
191	Buurapadu Burrapadu ayyababoi	hate
192	Bro nice editing bro meeku kanipinchi untee like kottamdi	non-hate
193	Bhanu prema lo padindhii royyyyy......	hate
194	Atha kodalu midha oka reel cheyandi akka	hate
195	Anupama ma intiki ra anupama thindham ra anupama 	hate
196	Anti bayya nuvvu okka video tho subscribe chepinchav	non-hate
197	Ante eppudu trend ala vundi, yem chestam oka frnd inko frnd ni kuda relation loki laakelutunnadu	non-hate
198	Annayya ni touch chese dammu evariki ledu	non-hate
199	Akka me babe face eppudu chupisthav	hate
200	Akka annadi photo pettu chudam	non-hate
201	Ah interview tarvata jinthaka githa githa ne na lucky person bro nuvu world lo ne jhonny bhai tarvatha	hate
202	Ah bombai car ki am bumper protection petina original bumper eh legsipodi	non-hate
203	Age ‡∞§‡±ã ‡∞∏‡∞Ç‡∞¨‡∞Ç‡∞ß‡∞Ç ‡∞≤‡±á‡∞ï‡±Å‡∞Ç‡∞°‡∞æ, ‡∞°‡±ç‡∞Ø‡∞æ‡∞®‡±ç‡∞∏‡±ç ‡∞§‡±ã ‡∞®‡±á‡∞ü‡∞ø ‡∞Ø‡±Å‡∞µ‡∞§‡∞∞‡∞æ‡∞®‡∞ø‡∞ï‡∞ø ‡∞õ‡∞æ‡∞≤‡±Ü‡∞Ç‡∞ú‡±ç ‡∞ó‡∞æ ‡∞®‡∞ø‡∞≤‡±Å‡∞∏‡±ç‡∞§‡±Å‡∞®‡±ç‡∞® ‡∞è‡∞ï‡±à‡∞ï ‡∞π‡±Ä‡∞∞‡±ã ‡∞Æ‡±Ü‡∞ó‡∞æ‡∞∏‡±ç‡∞ü‡∞æ‡∞∞‡±ç ‡∞ö‡∞ø‡∞∞‡∞Ç‡∞ú‡±Ä‡∞µ‡∞ø ‡∞Ö‡∞®‡±ç‡∞®‡∞Ø‡±ç‡∞Ø Ô∏èÔ∏èÔ∏è	non-hate
204	Adhi guntur government hspl mundhu ra ayya ma frd valla frds eh vallu 	hate
205	Abba nv super ga chesavu e video 70times chusa 	non-hate
206	Aashu akkada cigarate smoke chestundhi	hate
207	Aa uncle kavalani aunty midha padi and vehicle kadhilindhi by mistake le madam antadu	hate
208	2024 lo anni non Sunday lu vastayi le... Ala motivate avvatame ika	hate
209	‡∞Æ‡±Å‡∞Ç‡∞¶‡±Å ‡∞®‡±Ä‡∞ï‡±Å kcpd ‡∞ê‡∞§‡±á ‡∞á‡∞≤‡∞æ‡∞Ç‡∞ü‡∞ø ‡∞™‡∞¶‡∞æ‡∞≤‡±Å ‡∞µ‡∞æ‡∞°‡∞ï‡±Å‡∞Ç‡∞°‡∞æ ‡∞â‡∞Ç‡∞ü‡∞æ‡∞µ‡±ç 	hate
210	Yevarrra pugadddu dhanikki judgement echindhi chepamannni	hate
211	Idhepudu judge ayindhii...	hate
212	‡∞Ö‡∞Ø‡±ç‡∞Ø‡∞æ ‡∞¨‡±Å‡∞µ‡±ç‡∞µ ‡∞é‡∞≤‡∞æ ‡∞™‡±Ü‡∞°‡±Å‡∞§‡±Å‡∞®‡±ç‡∞®‡∞æ‡∞∞‡±ã ‡∞Ö‡∞¶‡∞ø‡∞ï‡±Ç‡∞°‡∞æ ‡∞ö‡±Å‡∞™‡∞ø‡∞Ø‡∞Ç‡∞°‡∞ø	hate
213	Paisal vunte emaina jaruguthai driving ranodiki kuda licence istunaru indulo vintha emundhi 	hate
214	 naani ee madhya Roja tho kalsi manchi punchlu vesthunnad ra, kaani avi pelaltla nagabaabugarru navvatla	non-hate
215	Swami lane vunnav nijanga super swami	non-hate
216	Sir Royal em filed bike person shirt bagundi link peduthara plss	hate
217	anna inka same background music sup anna inka elanti videos thiyandi	non-hate
218	Videos chala bagunnaya manchi message istunnaru annya	non-hate
219	Babu gadu chala baga acting chesthunadu super ra	non-hate
220	First search cheyali ante balance undali kadha raa babu, meerekkada dorikaru ra babu maku 	non-hate
221	‡∞®‡±Ü‡∞ü‡±ç ‡∞â‡∞Ç‡∞°‡∞æ‡∞≤‡∞ø ‡∞ï‡∞¶‡∞æ ‡∞¨‡±ç‡∞∞‡±ã	non-hate
222	Mundhu adhi type cheyadanikeina recharge vundali kadha beo 	non-hate
223	‡∞®‡±á‡∞®‡±Å ‡∞ï‡±Ç‡∞°‡∞æ zomoto ‡∞≤‡±ã ‡∞ö‡±á‡∞∏‡±ç‡∞§‡±Å‡∞®‡±ç‡∞®‡∞æ ‡∞®‡∞®‡±ç‡∞®‡±Ü‡∞µ‡∞∞‡±Ç ‡∞≤‡∞æ‡∞ó‡∞≤‡±á‡∞¶‡±Å 	hate
224	Nuv thop Raju anna Prabhu ‡∞§‡∞∞‡±ç‡∞µ‡∞æ‡∞§ ‡∞®‡±Å‡∞µ‡±á	non-hate
225	Chaduvi samskaran nerpaniki sampadayyaniki tharvatha	hate
226	Meekem pani leda bayyaa ilanti vallani techukoni vedios pedataru 	hate
227	Aa 10th covid pass kadha	hate
228	Chaduvu raadu annappudu EE dialogues cheppali	non-hate
229	Bro ipudhu chadivithy chalu nik job evadu esthadu	hate
230	Bro edina avachu eduti vadiki respect evali kada mari antha attitude vunte kastam	hate
231	‡∞Ö‡∞Æ‡±ç‡∞Æ ‡∞®‡∞æ‡∞®‡±ç‡∞® ‡∞â‡∞Ç‡∞ü‡±á ‡∞Ü ‡∞∏‡∞Ç‡∞§‡±ã‡∞∑‡∞Ç ‡∞µ‡±á‡∞∞‡±Å ‡∞µ‡∞æ‡∞∞‡∞ø‡∞¶‡±ç‡∞¶‡∞∞‡±Å ‡∞≤‡±á‡∞ï‡∞™‡±ã‡∞§‡±á ‡∞Ü ‡∞¨‡∞æ‡∞ß ‡∞∏‡∞Ç‡∞§‡±ã‡∞∑‡∞Ç ‡∞µ‡±á‡∞∞‡±Å	non-hate
232	Repu vedu kuda okadiki Tandri avuthadu,vela koduku entha ki elaga chustha telusthudi	non-hate
233	 ‡∞Æ‡∞ø‡∞°‡∞ø‡∞≤‡±ç ‡∞ï‡±ç‡∞≤‡∞æ‡∞∏‡±ç ‡∞§‡∞Ç‡∞°‡±ç‡∞∞‡∞ø ‡∞ï‡±ä‡∞°‡±Å‡∞ï‡±Å‡∞≤ ‡∞Ö‡∞®‡±Å‡∞¨‡∞Ç‡∞ß‡∞Ç ‡∞á‡∞≤‡∞æ‡∞ó‡±á ‡∞â‡∞Ç‡∞ü‡±Å‡∞Ç‡∞¶‡∞ø 	non-hate
234	Andaru revanth gelusthadu anukoni shrihan ni money thisukomanaru	hate
235	Edi choosi kuda srihan ni blame chstunru anta great abba	non-hate
236	‡∞∂‡∞§‡±ç‡∞∞‡±Å‡∞µ‡±Å‡∞®‡±à‡∞®‡∞æ ‡∞®‡∞µ‡±ç‡∞µ‡±Å‡∞§‡±Ç ‡∞™‡∞≤‡∞ï‡∞∞‡∞ø‡∞Ç‡∞ö‡∞ø ‡∞ó‡±ä‡∞™‡±ç‡∞™ ‡∞Æ‡∞®‡∞∏‡±Å‡∞®‡±ç‡∞® ‡∞µ‡±ç‡∞Ø‡∞ï‡±ç‡∞§‡∞ø ‡∞∞‡∞æ ‡∞Æ‡∞æ ‡∞ú‡∞ó‡∞®‡∞®‡±ç‡∞®	non-hate
237	Enduku navvutado ardam kaadu 	non-hate
238	Rey appu nee daridra navu nee face chudaleru janalu	hate
239	‡∞Æ‡±Ä‡∞≤‡∞æ‡∞ó‡∞æ ‡∞Æ‡±Å‡∞Ç‡∞¶‡±Å ‡∞í‡∞ï‡∞≤‡∞æ‡∞ó‡∞æ ‡∞µ‡±Ü‡∞®‡∞ï‡∞æ‡∞≤ ‡∞á‡∞Ç‡∞ï‡±ã‡∞≤‡∞æ‡∞ó‡∞æ ‡∞â‡∞Ç‡∞°‡∞°‡±Å ‡∞á‡∞™‡±ç‡∞™‡±Å‡∞°‡±Å ‡∞í‡∞ï‡±á‡∞≤‡∞æ ‡∞â‡∞Ç‡∞ü‡∞æ‡∞°‡±Å ‡∞∂‡∞§‡±ç‡∞∞‡±Å‡∞µ‡±Å‡∞®‡±à‡∞® ‡∞™‡±ç‡∞∞‡±á‡∞Æ‡∞ø‡∞Ç‡∞ö‡±á ‡∞ó‡±ä‡∞™‡±ç‡∞™ ‡∞Æ‡∞®‡∞∏‡±Å‡∞®‡±ç‡∞® ‡∞µ‡±ç‡∞Ø‡∞ï‡±ç‡∞§‡∞ø ‡∞∞‡∞æ ‡∞Æ‡∞æ ‡∞ú‡∞ó‡∞®‡∞®‡±ç‡∞®	non-hate
240	‡∞Ü ‡∞®‡∞µ‡±ç‡∞µ‡±á‡∞Ç‡∞ü‡±ã ‡∞Æ‡±Ä ‡∞µ‡∞ø‡∞ß‡∞æ‡∞®‡∞æ‡∞≤‡±Å ‡∞è‡∞Ç‡∞ü‡±ã ‡∞á‡∞™‡±ç‡∞™‡∞ü‡∞ø‡∞ï‡±Ä ‡∞Æ‡∞æ‡∞ï‡±Å ‡∞Ö‡∞∞‡±ç‡∞•‡∞Ç ‡∞ï‡∞æ‡∞¶‡±Å	hate
241	Prathhi uuru ila untey superb anevallu enthamandi	hate
242	Yedho oka roju nuvvu goppodivi avuthav babu	non-hate
243	Endhukandi ma A.P people meda intha paga pattaru me family antha	hate
244	Same mid night recording dance behavir	non-hate
245	Nee matalaki evaraina fidaa avutharu mawa 	hate
246	‡∞í‡∞ï ‡∞Æ‡∞Ç‡∞ö‡∞ø ‡∞π‡±Ä‡∞∞‡±ã ‡∞ó‡±ã‡∞™‡∞ø‡∞ö‡∞Ç‡∞¶‡±ç ‡∞ó‡∞æ‡∞∞‡±Å	non-hate
247	Neanu Ameerper lo eappati nundoo untunna but noo use	non-hate
248	Naaku thelusu chivarini veelani jagan mama train batch chestharani	hate
249	Na arm a podavuga vundhi bro na kali kantay	hate
250	Mottani ki manchi message ichhav bayya Ala pilichina prathi ammayi venuka pothe Gitla intlo battalu ginnelu thomipistharu ani	non-hate
251	‡∞®‡±Å‡∞µ‡±Å adadhani ve kadu	hate
252	mamidikayalo rasam thagalanipisthudi	non-hate
253	Nuvvu Adadhanivaithea first paita saduruko	hate
254	Nuv nee avataram enta aa cheera kattukovatam e	hate
255	dennichusthe chi daridram	hate
256	Meeku ‡∞Ö‡∞®‡±ç‡∞®‡∞ø peddavigaane ‡∞â‡∞Ç‡∞ü‡∞æ‡∞Ø‡∞ø	hate
257	Po chala pedadiga undhi batalu vipi rodlo kurcho ve panikirani Munda pandi moham dhana	hate
258	neeku sigu ledhu chi west 	hate
259	‡∞ï‡±ä‡∞ï ‡∞¨‡∞æ‡∞ó‡∞≤‡±á‡∞¶‡±á ‡∞¨‡±ã‡∞∏‡∞ø‡∞°‡∞ø‡∞ï‡±á	hate
260	challa peddaga unaiii kadhaa	hate
261	Lopala kinda pettuko chustamu	hate
262	‡∞á‡∞≤‡∞æ‡∞Ç‡∞ü‡∞ø ‡∞ö‡±Ü‡∞§‡±ç‡∞§ ‡∞Æ‡∞æ‡∞ü‡∞≤‡±Å ‡∞ö‡±Ü‡∞§‡±ç‡∞§ ‡∞™‡∞®‡±Å‡∞≤‡∞ï‡∞ø ‡∞™‡∞®‡∞ø‡∞ï‡∞ø ‡∞µ‡∞∏‡±ç‡∞§‡∞æ	hate
263	anta peddavi yela sampadinchavu cheppava	non-hate
264	Vatini tisukelli gudda lo petuko	hate
265	Koka Bane undhi. Kindha pooko Ela undho teleedhu	hate
266	jocket ippukoni langa ippukoni nee falthu matalu nuvu 	hate
267	Pooooove langa Dana ............tu ne bratuku karona Aina vachi poledu edi....	hate
268	‡∞ï‡∞ø‡∞Ç‡∞¶ ‡∞ï‡±Ç‡∞°‡∞æ ‡∞ï‡∞°‡±Å‡∞ï‡±ç‡∞ï‡±ã ‡∞ï‡±ä‡∞¶‡±ç‡∞¶‡∞ø‡∞ó‡∞æ ‡∞á‡∞ï‡±ç‡∞ï‡∞°‡∞ø ‡∞¶‡∞æ‡∞ï smell ‡∞µ‡∞∏‡±ç‡∞§‡±Å‡∞Ç‡∞¶‡∞ø	hate
269	Ne sollu sorakayla vunay	hate
270	‡∞µ‡±Ä‡∞°‡±Å ‡∞ï‡±ã‡∞∏‡∞Ç ‡∞ï‡±á‡∞∏‡±Å‡∞≤‡±Å ‡∞™‡±Ü‡∞ü‡±ç‡∞ü‡∞ø‡∞Ç‡∞ö‡±Å‡∞ï‡±ã‡∞µ‡∞≤‡∞ø ‡∞é‡∞Æ‡±ã‡±ã	hate
271	‡∞®‡∞ø‡∞ú‡∞Ç‡∞ó‡∞æ‡∞®‡±á ‡∞¨‡±Å‡∞¶‡±ç‡∞¶‡∞ø‡∞≤‡±á‡∞ï‡±Å‡∞Ç‡∞°‡∞æ ‡∞ó‡±Ü‡∞≤‡∞ø‡∞™‡∞ø‡∞Ç‡∞ö‡±Å‡∞ï‡±Å‡∞®‡±ç‡∞®‡∞æ‡∞Æ‡±Å worst CM	non-hate
272	‡∞ö‡±Ü‡∞§‡±ç‡∞§ ‡∞™‡±ç‡∞∞‡∞≠‡±Å‡∞§‡±ç‡∞µ‡∞Ç ‡∞ö‡±Ü‡∞§‡±ç‡∞§ ‡∞Æ‡±Ä‡∞¶ ‡∞ï‡±Ç‡∞°‡∞æ ‡∞™‡∞®‡±ç‡∞®‡±Å ‡∞è‡∞∏‡±ç‡∞§‡±Å‡∞Ç‡∞¶‡∞ø	hate
273	‡∞ö‡±Ü‡∞™‡±ç‡∞™‡±Å ‡∞§‡±ã ‡∞ï‡±ä‡∞ü‡±ç‡∞ü‡∞æ‡∞≤‡±ç‡∞∏‡∞ø‡∞Ç‡∞¶‡±á ‡∞Ö‡∞ï‡±ç‡∞ï ‡∞µ‡∞æ‡∞≥‡±ç‡∞≥‡±Å ‡∞®‡±Ä	hate
274	‡∞®‡∞ø‡∞ú‡∞Ç‡∞ó‡∞æ‡∞®‡±á ‡∞¨‡±Å‡∞¶‡±ç‡∞¶‡∞ø‡∞≤‡±á‡∞ï‡±Å‡∞Ç‡∞°‡∞æ ‡∞ó‡±Ü‡∞≤‡∞ø‡∞™‡∞ø‡∞Ç‡∞ö‡±Å‡∞ï‡±Å‡∞®‡±ç‡∞®‡∞æ‡∞Æ‡±Å worst CM in AP	hate
275	‡∞∏‡±Ü‡∞ï‡±ç‡∞∏‡±ç ‡∞µ‡∞∞‡±ç‡∞ï‡∞∞‡±ç‡∞∏‡±ç ‡∞Ö‡∞Ç‡∞¶‡∞∞‡±Ç‚Ä¶‡∞í‡∞ï‡±á‡∞ö‡±ã‡∞ü ‡∞ö‡±á‡∞∞‡∞æ‡∞∞‡±Å ‡∞ï‡∞¶‡∞∞‡∞æ‚Ä¶..	non-hate
276	‡∞µ‡∞æ‡∞°‡∞ø ‡∞Æ‡±Ä‡∞ü‡∞ø‡∞Ç‡∞ó‡±ç ‡∞ï‡∞ø ‡∞µ‡±Ü‡∞≥‡±ç‡∞≤‡∞ø‡∞® ‡∞™‡±ç‡∞∞‡∞§‡∞ø ‡∞Ö‡∞Æ‡±ç‡∞Æ‡∞Ø‡∞ø ‡∞™‡∞§‡∞ø‡∞µ‡±ç‡∞∞‡∞§‡∞≤‡±á	hate
277	‡∞µ‡±Ä‡∞°‡∞ø ‡∞§‡±ã ‡∞Æ‡±Ä‡∞ü‡∞ø‡∞Ç‡∞ó‡±ç ‡∞≤‡±Å ‡∞™‡±Ü‡∞ü‡±ç‡∞ü‡±Ü ‡∞µ‡∞æ‡∞≥‡±ç‡∞≥ ‡∞ï‡∞ø ‡∞¨‡±Å‡∞¶‡±ç‡∞ß‡∞ø ‡∞≤‡±á‡∞¶‡±Å	hate
278	‡∞Ö‡∞¶‡∞ø ‡∞á‡∞∑‡±ç‡∞ü‡∞Ç ‡∞ï‡∞æ‡∞¶‡±Å ‡∞ï‡∞æ‡∞Æ‡∞Ç.	hate
279	‡∞é‡∞¶‡∞µ‡∞≤‡∞ï‡±Å ‡∞Ö‡∞µ‡∞ï‡∞æ‡∞∂‡∞Ç ‡∞µ‡∞∏‡±ç‡∞§‡±á ‡∞á‡∞≤‡∞æ‡∞ó‡±á ‡∞â‡∞Ç‡∞ü‡∞¶‡∞ø	hate
280	‡∞µ‡∞æ‡∞°‡±Å ‡∞Ö‡∞Ç‡∞ü‡±á ‡∞Ö‡∞®‡±ç‡∞®‡∞ø ‡∞µ‡∞¶‡∞ø‡∞≤‡±á‡∞∂‡∞æ‡∞°‡±Å ‡∞Æ‡±Ä‡∞ï‡±á‡∞Æ‡±à‡∞Ç‡∞¶‡∞ø ‡∞Æ‡∞∞‡∞ø	hate
281	‡∞µ‡∞æ‡∞≥‡±ç‡∞≤‡∞Ç‡∞§‡∞æ ‡∞í‡∞ï‡±á ‡∞§‡∞∞‡∞π‡∞æ ‡∞™‡∞æ‡∞∞‡∞Ç ‡∞¨‡±ã‡∞ï‡±Å‡∞≤‡±Å	hate
282	‡∞µ‡∞æ‡∞≥‡±ç‡∞≤‡∞Ç‡∞§‡∞æ ‡∞í‡∞ï‡±á ‡∞§‡∞∞‡∞π‡∞æ ‡∞™‡∞æ‡∞∞‡∞Ç ‡∞¨‡±ã‡∞ï‡±Å‡∞≤‡±Å	hate
283	‡∞µ‡∞æ‡∞°‡±Å ‡∞™‡±Ü‡∞≥‡±ç‡∞≥‡∞æ‡∞®‡±ç‡∞®‡∞ø. ‡∞ï‡∞®‡±ç‡∞® ‡∞¨‡∞ø‡∞°‡±ç‡∞°‡∞®‡∞ø ‡∞µ‡∞¶‡∞ø ‡∞≤‡±á‡∞∂‡∞æ‡∞°‡±Å. ‡∞á‡∞Ç‡∞ï‡±á‡∞Ç ‡∞¨‡∞æ‡∞ß	hate
284	‡∞á‡∞™‡±ç‡∞™‡±Å‡∞°‡±Å ‡∞Ü‡∞Ç‡∞ß‡±ç‡∞∞‡∞ú‡±ç‡∞Ø‡±ã‡∞§‡∞ø ‡∞Æ‡±Å‡∞Ç‡∞¶‡±Å‡∞ï‡±Å ‡∞™‡±ã‡∞Ø‡∞ø ‡∞¨‡∞ü‡±ç‡∞ü‡∞≤‡±Å ‡∞µ‡∞ø‡∞™‡±ç‡∞™‡±Å‡∞§‡∞µ‡∞æ ‡∞é‡∞Ç‡∞¶‡∞ø	hate
285	‡∞Ö‡∞Ç‡∞¶‡∞∞‡∞ø ‡∞¶‡∞ó‡±ç‡∞ó‡∞∞ ‡∞™‡∞°‡±Å‡∞ï‡±Å‡∞®‡±á ‡∞¶‡∞æ‡∞®‡∞ø‡∞µ‡∞ø ‡∞®‡±Ä‡∞ï‡±Ü‡∞Ç‡∞¶‡±Å‡∞ï‡±á ‡∞à ‡∞µ‡∞ø‡∞∑‡∞Ø‡∞æ‡∞≤‡±Å	hate
286	‡∞à ‡∞∏‡∞æ‡∞∞‡∞ø ‡∞Æ‡±Ä‡∞∞‡±Å ‡∞§‡∞™‡±ç‡∞™‡∞®‡∞ø ‡∞∏‡∞∞‡∞ø‡∞ó‡∞æ ‡∞¨‡∞ü‡±ç‡∞ü‡∞≤‡±Å ‡∞µ‡∞ø‡∞™‡±ç‡∞™‡∞µ‡∞≤‡±ç‡∞∏‡∞ø‡∞Ç‡∞¶‡±Ü ‡∞≤‡±á‡∞ï‡∞™‡±ã‡∞§‡±Ü ‡∞ê ‡∞π‡∞ü‡±ç‡∞ü‡±Å.	hate
287	‡∞®‡±Å‡∞µ‡±ç‡∞µ‡±Å ‡∞ö‡±Ä‡∞∞ ‡∞ï‡∞ü‡±ç‡∞ü‡±Å‡∞ï‡±ä‡∞®‡∞ø ‡∞µ‡±Ä‡∞°‡∞ø‡∞Ø‡±ã ‡∞ö‡±á‡∞Ø‡∞ü‡∞æ‡∞®‡∞ø‡∞ï‡∞ø ‡∞∏‡∞ø‡∞ó‡±ç‡∞ó‡±Å‡∞≤‡±á‡∞¶‡±á ‡∞®‡±Ä‡∞ï‡±Å	hate
288	‡∞ê ‡∞∂‡±É‡∞Ç‡∞ó‡∞æ‡∞∞ ‡∞∂‡∞æ‡∞ñ ‡∞Æ‡∞Ç‡∞§‡±ç‡∞∞‡∞ø‡∞µ‡∞∞‡±ç‡∞Ø‡±Å‡∞≤‡±Å	hate
289	‡∞â‡∞®‡±ç‡∞®‡∞¶‡∞ø ‡∞â‡∞®‡±ç‡∞®‡∞ü‡±ç‡∞ü‡±Å‡∞ó‡∞æ ‡∞Ö‡∞Ç‡∞ü‡±á ‡∞é‡∞µ‡∞∞‡∞ø‡∞ï‡±à‡∞®‡∞æ ‡∞Æ‡∞Ç‡∞°‡±Å‡∞¶‡±ç‡∞¶‡∞ø.	non-hate
290	Nuvvu dharnalu cheyali battalu lekunda 	hate
291	‡∞Æ‡∞≥‡±ç‡∞≥‡±Ä ‡∞¨‡∞ü‡±ç‡∞ü‡∞≤‡±Å ‡∞µ‡∞ø‡∞™‡±ç‡∞™‡±Å‡∞ï‡±ä ‡∞§‡±ä‡∞Ç‡∞¶‡∞∞‡∞ó‡∞æ ‡∞ö‡±Ç‡∞°‡∞æ‡∞≤‡∞®‡∞ø ‡∞µ‡±Å‡∞Ç‡∞¶‡∞ø	hate
292	‡∞∂‡±ç‡∞∞‡±Ä ‡∞∞‡±Ü‡∞°‡±ç‡∞°‡∞ø  ‡∞ï‡±ä‡∞Ç‡∞ö‡±Ü‡∞Ç ‡∞®‡±ã‡∞ü‡∞ø ‡∞¶‡±Ç‡∞≤ ‡∞§‡∞ó‡±ç‡∞ó‡∞ø‡∞Ç‡∞ö‡±Å‡∞ï‡±Å‡∞Ç‡∞ü‡±á ‡∞Æ‡∞Ç‡∞ö‡∞ø‡∞¶‡∞ø	hate
293	andhri tho dhgunchi kuntundi	hate
294	Lanjalaku pelii eanduku	hate
295	‡∞®‡±Ä‡∞µ‡±Å ‡∞ö‡±á‡∞∏‡±ç‡∞§‡∞æ‡∞µ‡∞æ ‡∞ï‡∞æ‡∞™‡±Å‡∞∞‡∞Ç	hate
296	‡∞¶‡±Ä‡∞®‡∞ø‡∞®‡±á ‡∞Æ‡±Ü‡∞Ç‡∞ü‡∞≤‡±ç ‡∞Ö‡∞Ç‡∞ü‡∞æ‡∞∞‡±Å	hate
297	‡∞Ø‡∞¶‡∞µ‡∞≤‡∞®‡±Å ‡∞é‡∞Ç‡∞§‡±ã ‡∞Æ‡∞Ç‡∞¶‡∞ø‡∞®‡∞ø ‡∞ö‡±Ç‡∞∏‡∞æ‡∞®‡±Å ‡∞ï‡∞æ‡∞®‡±Ä ‡∞á‡∞ü‡±Å‡∞µ‡∞Ç‡∞ü‡∞ø ‡∞í‡∞ï ‡∞≤‡∞ï‡±ç‡∞∑‡±ç‡∞Ø‡∞Ç ‡∞Ö‡∞Ç‡∞ü‡±Ç ‡∞≤‡±á‡∞®‡∞ø ‡∞Ø‡∞¶‡∞µ‡∞®‡∞ø ‡∞µ‡±Ä‡∞®‡±ç‡∞®‡±á ‡∞ö‡±Ç‡∞∏‡±ç‡∞§‡±Å‡∞®‡±ç‡∞®‡∞æ	hate
298	‡∞Ö‡∞Ç‡∞¶‡±Å‡∞ï‡±á ‡∞è‡∞™‡±Ä ‡∞™‡±ç‡∞∞‡∞ú‡∞≤‡±Å ‡∞µ‡±Ä‡∞°‡±ç‡∞®‡∞ø ‡∞π‡∞†‡∞æ‡∞µ‡±ã ‡∞Ö‡∞®‡±ç‡∞®‡∞æ‡∞∞‡±Å	hate
299	‡∞ï‡∞°‡±Å‡∞ï‡±ç‡∞ï‡±ã‡∞µ‡∞≤‡∞∏‡∞ø‡∞Ç‡∞¶‡∞ø ‡∞∂‡±Å‡∞≠‡±ç‡∞∞‡∞Ç ‡∞ó‡∞æ ‡∞ï‡∞°‡±Å‡∞ï‡±ç‡∞ï‡±ã ‡∞é‡∞µ‡∞°‡∞ø‡∞§‡±ã ‡∞è‡∞Æ‡∞ø ‡∞ó‡∞≤‡±Ä‡∞ú‡±Å ‡∞™‡∞®‡±Å‡∞≤‡±Å ‡∞ö‡±á‡∞∏‡∞ø ‡∞µ‡∞ö‡±ç‡∞ö‡∞æ‡∞µ‡±ã ‡∞é‡∞µ‡∞∞‡∞ø‡∞ï‡∞ø ‡∞§‡±Ü‡∞≤‡±Å‡∞∏‡±Å	hate
300	‡∞Ü‡∞ï‡±Å‡∞≤‡±Å ‡∞ö‡±á‡∞§‡±Å‡∞≤‡±Å ‡∞™‡±Å‡∞ï‡±Å‡∞≤‡±Å ‡∞Ö‡∞®‡±ç‡∞®‡±Ä ‡∞Æ‡∞Ç‡∞ö‡∞ø‡∞ó‡∞æ ‡∞ï‡∞°‡±Å‡∞ï‡±ç‡∞ï‡±ã‡∞µ‡∞æ‡∞≤‡∞ø	hate
301	Mundduga p ku kadukovalli anatundi devuda	non-hate
302	‡∞™‡±Ü‡∞¶‡±ç‡∞¶ ‡∞™‡±Ü‡∞¶‡±ç‡∞¶ ‡∞¨‡±ã‡∞Ç‡∞°‡∞æ‡∞≤‡±Å ‡∞é‡∞Ç‡∞§ ‡∞¨‡∞æ‡∞ó‡±Å‡∞®‡±ç‡∞®‡∞æ‡∞Ø‡±ã	hate
303	Osey laanjaa nethulapave	hate
304	Aakulu pookulu cheyoddu	hate
305	Nuvvu kadukkovaali....evari mogga pattukontavo	hate
306	Mundu musukuko	hate
307	Mundhu adhi kadukooo	hate
308	Baga kaduko lekunte said effects vasthai	non-hate
309	Nuvvu ennisarlu kadukkuntav ennisarlu ginchukuntav	hate
310	Puvvu kuda kaduko vasana ikkadike vastundi.....	hate
311	Avi nethini kade ne bonda nethallu	hate
312	Papam vadiki poye kalam vachidhi vaddu hotel Inka evaru rarrru	hate
313	Aaa hand tho yevarevadi pattukunnavo emo baga kadukko mouth kuda baaga kadukooo	non-hate
314	Pove lanja	hate
315	‡∞ó‡±Å‡∞Ç‡∞ü ‡∞Æ‡∞Ç‡∞ö‡∞ø ‡∞™‡±ä‡∞Ç‡∞ó‡±Å ‡∞Æ‡±Ä‡∞¶ ‡∞â‡∞Ç‡∞¶‡∞ø	hate
316	‡∞ï‡±ä‡∞¨‡±ç‡∞¨‡∞∞‡∞ø ‡∞¨‡±ä‡∞Ç‡∞°‡∞æ‡∞≤‡±Å ‡∞ï‡∞®‡±ç‡∞®‡∞æ ‡∞™‡±Ü‡∞¶‡±ç‡∞¶‡∞ó‡∞æ ‡∞â‡∞®‡±ç‡∞®‡∞æ‡∞Ø‡±ç	hate
317	Baaga pechasindhi	hate
318	‡∞∏‡∞≥‡±ç‡∞≥‡±Å super ‡∞ó‡∞æ ‡∞â‡∞®‡±ç‡∞®‡∞æ‡∞Ø‡±ç	hate
319	‡∞¶‡±Ä‡∞®‡∞ø‡∞ï‡∞ø ‡∞¨‡∞æ‡∞ó‡∞æ ‡∞¶‡±Å‡∞≤‡±Ü‡∞ï‡±ç‡∞ï‡∞ø ‡∞ï‡±ä‡∞ü‡±ç‡∞ü‡±Å‡∞ï‡±Å‡∞Ç‡∞ü‡±Å‡∞Ç‡∞¶‡∞ø	hate
320	‡∞Æ‡∞æ‡∞ï‡±Å ‡∞è‡∞Ç‡∞¶‡∞ø ‡∞à ‡∞ï‡∞∞‡±ç‡∞Æ ‡∞é‡∞®‡±ç‡∞®‡∞ø ‡∞∞‡±ã‡∞ú‡±Å‡∞≤‡±Å ‡∞µ‡∞ø‡∞®‡∞æ‡∞≤‡∞ø ‡∞Æ‡±Ä ‡∞Æ‡∞æ‡∞ü‡∞≤‡±Å 	hate
321	‡∞µ‡±á‡∞∏‡±Å‡∞ï‡±ã‡∞µ‡∞°‡∞Ç ‡∞¶‡±á‡∞®‡∞ø‡∞ï‡∞ø ‡∞¶‡∞æ‡∞ö‡±Å‡∞ï‡±ã‡∞µ‡∞°‡∞Ç ‡∞¶‡±á‡∞®‡∞ø‡∞ï‡∞ø	hate
322	‡∞¶‡±Ä‡∞®‡∞Æ‡±ç‡∞Æ ‡∞ú‡±Ä‡∞µ‡∞ø‡∞§‡∞Ç.... ‡∞ï‡∞≥‡±ç‡∞≥‡±Å ‡∞ö‡±Ü‡∞¶‡∞ø‡∞∞‡∞ø‡∞™‡±ã‡∞Ø‡∞Ø‡∞ø....	hate
323	‡∞Æ‡±Ä‡∞ï‡±Å ‡∞¶‡∞Ç‡∞°‡∞Ç ‡∞™‡±Ü‡∞°‡∞§‡∞æ ‡∞à ‡∞Æ‡±ç‡∞Ø‡±Ç‡∞ú‡∞ø‡∞ï‡±ç ‡∞è‡∞Ç‡∞¶‡∞ø‡∞∞‡∞æ ‡∞®‡∞æ‡∞Ø‡∞®‡∞æ	hate
324	‡∞∂‡±á‡∞ñ‡∞∞‡±ç ‡∞™‡∞ø‡∞ö‡±ç‡∞ö‡∞ø‡∞™‡∞ü‡±ç‡∞ü‡∞ø‡∞®‡∞ü‡±ç‡∞≤‡±Å ‡∞ö‡±á‡∞∏‡±ç‡∞§‡±Å‡∞®‡±ç‡∞®‡∞æ‡∞°‡±Å ‡∞°‡∞æ‡∞®‡±ç‡∞∏‡±ç	hate
325	‡∞™‡±ç‡∞∞‡±á‡∞ï‡±ç‡∞∑‡∞ï‡±Å‡∞≤‡∞®‡∞ø ‡∞è‡∞¶‡∞µ‡∞≤‡∞®‡∞ø ‡∞ö‡±á‡∞Ø‡∞°‡∞Ç‡∞≤‡±ã ‡∞Æ‡±Ä‡∞∞‡±Å ‡∞¶‡∞ø‡∞ü‡±ç‡∞ü	non-hate
326	E government ki ‡∞é‡∞µ‡∞∞‡±Ç ‡∞é‡∞¶‡±Å‡∞∞‡±Å ‡∞Æ‡∞æ‡∞ü‡±ç‡∞≤‡∞æ‡∞°‡∞ï‡±Ç‡∞°‡∞¶‡±á‡∞Æ‡±ã, ‡∞∞‡∞æ‡∞ï‡±ç‡∞∑‡∞∏ ‡∞™‡∞æ‡∞≤‡∞®	hate
327	‡∞Ü ‡∞∞‡±ã‡∞ó‡∞æ‡∞≤‡±Å ‡∞ï‡∞ö‡±ç‡∞ö‡∞ø‡∞§‡∞Ç‡∞ó‡∞æ ‡∞®‡±Ä ‡∞µ‡∞≤‡±ç‡∞≤‡±á ‡∞µ‡∞ö‡±ç‡∞ö‡∞ø ‡∞â‡∞Ç‡∞ü‡∞æ‡∞Ø‡∞ø aa	non-hate
328	‡∞™‡±ã‡∞Ø‡±á‡∞ï‡∞æ‡∞≤‡∞Ç ‡∞µ‡∞ö‡±ç‡∞ö‡∞ø‡∞®‡∞™‡±ç‡∞™‡±Å‡∞°‡±Å ‡∞á‡∞≤‡∞æ‡∞ó‡±á ‡∞â‡∞Ç‡∞ü‡±Å‡∞Ç‡∞¶‡∞ø..	hate
329	‡∞ö‡∞ø‡∞®‡±ç‡∞® ‡∞Æ‡±Ü‡∞¶‡∞°‡±Å ‡∞ö‡∞ø‡∞§‡∞ø‡∞ï‡∞ø‡∞™‡±ä‡∞á‡∞® ‡∞∂‡±ç‡∞∞‡±Ä ‡∞∞‡±Ü‡∞°‡±ç‡∞°‡∞ø 	hate
330	‡∞á‡∞ï‡∞®‡±à‡∞®‡∞æ ‡∞ñ‡∞Ç‡∞°‡∞Ç ‡∞Æ‡±ç ‡∞µ‡∞æ‡∞°‡±Å ‡∞≤‡±á‡∞ï‡∞™‡±ã‡∞§‡±á ‡∞π‡±Ü‡∞ö‡±ç‡∞ê‡∞µ‡∞ø ‡∞ó‡±ç‡∞Ø‡∞æ‡∞∞‡±Ü‡∞Ç‡∞ü‡±Ä	hate
331	‡∞®‡±Ä‡∞™‡∞ï‡±ç‡∞ï‡∞≤‡±ã ‡∞™‡∞°‡±Å‡∞ï‡±Å‡∞®‡±ç‡∞®‡∞æ‡∞ï‡±á ‡∞Ü ‡∞∞‡±ã‡∞ó‡∞æ‡∞≤‡±Å ‡∞Ö‡∞®‡±ç‡∞®‡∞ø ‡∞µ‡∞ö‡±ç‡∞ö‡∞ø‡∞®‡∞æ‡∞Ø‡∞ø	hate
332	Na pandu bana undi pettna	hate
333	Mari neku ‡∞é‡∞®‡±Ä ‡∞∞‡±ã‡∞ó‡∞æ‡∞≤‡±Å ‡∞â‡∞®‡±ç‡∞®‡∞æ‡∞Ø‡∞ø ‡∞Æ‡∞∞‡∞ø ‡∞Ö‡∞ï‡±ç‡∞ï	hate
334	‡∞∏‡±Ä‡∞é‡∞Ç‡∞ï‡±Å ‡∞∏‡∞ø‡∞ó‡±ç‡∞ó‡±Å ‡∞≤‡±á‡∞ï‡∞™‡±ã‡∞§‡±á ‡∞á‡∞ü‡±Å‡∞µ‡∞Ç‡∞ü‡∞ø ‡∞™‡∞•‡∞ï‡∞æ‡∞≤‡±Å ‡∞á‡∞∏‡±ç‡∞§‡∞æ‡∞°‡±Å	hate
335	Jagan bochukuda pikaleru 2024 malli jagan cm	hate
336	‡∞™‡±Å‡∞∑‡±ç‡∞™‡∞≤‡±ã ‡∞ú‡∞æ‡∞≤‡∞ø‡∞∞‡±Ü‡∞°‡±ç‡∞°‡∞ø ‡∞è‡∞™‡±Ä‡∞≤‡±ã ‡∞ú‡±à‡∞≤‡±ç ‡∞∞‡±Ü‡∞°‡±ç‡∞°‡∞ø	hate
337	420 ‡∞ú‡∞ó‡∞®‡±ç‡∞Æ‡±ã‡∞π‡∞®‡±ç ‡∞∞‡±Ü‡∞°‡±ç‡∞°‡∞ø ‡∞á‡∞ï ‡∞®‡±Å‡∞µ‡±ç‡∞µ‡±Å ‡∞ú‡±à‡∞≤‡±Å‡∞ï‡∞ø,, ‡∞á‡∞¶‡±á ‡∞®‡∞ø‡∞ú‡∞Ç ‡∞®‡∞ø‡∞ú‡∞Ç ‡∞™‡∞µ‡∞®‡∞ø‡∞ú‡∞Ç	hate
338	‡∞Æ‡±Ç‡∞°‡±á‡∞≥‡±ç‡∞≤‡∞ï‡±á ‡∞Ü‡∞Ç‡∞ß‡±ç‡∞∞‡∞™‡±ç‡∞∞‡∞¶‡±á‡∞∂‡±ç ‡∞Æ‡±ä‡∞§‡±ç‡∞§‡∞Ç ‡∞¶‡∞∞‡∞ø‡∞¶‡±ç‡∞∞‡∞Ç ‡∞Ö‡∞®‡±Å‡∞≠‡∞µ‡∞ø‡∞∏‡±ç‡∞§‡±Å‡∞Ç‡∞¶‡∞ø	hate
339	‡∞Ö‡∞™‡±ç‡∞™‡±Å‡∞°‡±Å ‡∞ó‡∞æ‡∞®‡±Ä ‡∞™‡±ç‡∞∞‡∞ú‡∞≤ ‡∞ú‡±Ä‡∞µ‡∞ø‡∞§‡∞æ‡∞≤‡±Å ‡∞µ‡∞Ç‡∞¶‡∞∂‡∞æ‡∞§‡∞Ç ‡∞∏‡∞Ç‡∞ï‡∞®‡∞æ‡∞ï‡∞ø‡∞™‡±ã‡∞µ‡±Å	hate
340	Ma chopputho meme kottukovaal	hate
341	‡∞ö‡∞Ç‡∞ö‡∞≤‡±ç‚Äå‡∞ó‡±Ç‡∞° ‡∞ú‡±à‡∞≤‡±Å‡∞≤‡±ã 175 ‡∞∏‡±Ü‡∞≤‡±ç ‡∞≤‡±ã ‡∞ñ‡±à‡∞¶‡±Ä ‡∞®‡±Ü‡∞Ç‡∞¨‡∞∞‡±Å 175 ‡∞´‡∞ø‡∞ï‡±ç‡∞∏‡±ç	hate
342	‡∞¨‡∞æ‡∞§‡±ç‡∞∞‡±Ç‡∞Æ‡±ç ‡∞≤‡±ã‡∞ï‡∞ø ‡∞™‡±ã‡∞Ø‡∞ø 175‡∞∏‡∞æ‡∞∞‡±ç‡∞≤‡±Å ‡∞ï‡±ä‡∞ü‡±ç‡∞ü‡±Å‡∞ï‡±ã‡∞Ç‡∞°‡∞ø	hate
343	Rgv ‡∞ï‡∞æ‡∞¶‡±Å ‡∞ú‡∞ó‡∞®‡±ç ‡∞ó‡∞æ‡∞°‡±á ‡∞§‡∞ø‡∞Ç‡∞ü‡±Å‡∞Ç‡∞ö‡∞æ‡∞°‡±Å.	hate
344	‡∞¨‡∞æ‡∞¨‡∞æ‡∞Ø‡∞ø ‡∞®‡±á ‡∞∂‡∞µ‡∞æ‡∞®‡±ç‡∞®‡∞ø ‡∞ö‡±á‡∞∏‡∞ø‡∞® ‡∞ö‡∞∞‡∞ø‡∞§‡±ç‡∞∞ ‡∞Æ‡±Ä‡∞¶‡∞ø	non-hate
345	‡∞Æ‡∞∞‡∞ø ‡∞®‡±Å‡∞µ‡±ç‡∞µ‡±Å ‡∞§‡∞Ç‡∞°‡±ç‡∞∞‡∞ø ‡∞ö‡∞æ‡∞µ‡±Å‡∞®‡∞ø,,‡∞¨‡∞æ‡∞¨‡∞æ‡∞Ø‡±ç ‡∞ö‡∞æ‡∞µ‡±Å‡∞®‡∞ø ‡∞Ö‡∞°‡±ç‡∞°‡∞Ç ‡∞™‡±Ü‡∞ü‡±ç‡∞ü‡±Å‡∞ï‡±ä‡∞®‡∞ø ‡∞ö‡±á‡∞∏‡∞ø‡∞Ç‡∞¶‡∞ø	hate
346	‡∞®‡±Ä ‡∞Ö‡∞Ç‡∞§ ‡∞®‡±Ä‡∞ö‡∞Æ‡±à‡∞® ‡∞Æ‡∞®‡∞ø‡∞∑‡∞ø‡∞®‡∞ø ‡∞∞‡∞æ‡∞ú‡∞ï‡±Ä‡∞Ø‡∞æ‡∞≤‡±ç‡∞≤‡±ã ‡∞á‡∞™‡±ç‡∞™‡∞ü‡∞ø‡∞µ‡∞∞‡∞ï‡±Å ‡∞ö‡±Ç‡∞°‡∞≤‡±á‡∞¶‡±Å	hate
347	‡∞ú‡±à‡∞≤‡±ç‡∞≤‡±ã ‡∞â‡∞Ç‡∞°‡∞æ‡∞≤‡±ç‡∞∏‡∞ø‡∞® ‡∞™‡∞ø‡∞ö‡±ç‡∞ö‡±ã‡∞°‡∞ø‡∞®‡∞ø ‡∞∏‡±Ä‡∞é‡∞Ç ‡∞®‡±Å ‡∞ö‡±á‡∞∏‡∞ø‡∞®‡∞Ç‡∞¶‡±Å‡∞ï‡±Å ‡∞Æ‡∞®‡∞¶‡±á ‡∞Ü ‡∞§‡∞™‡±ç‡∞™‡±Å ‡∞Ö‡∞®‡±Å‡∞≠‡∞µ‡∞ø‡∞Ç‡∞ö‡∞Ç‡∞°‡∞ø	non-hate
348	‡∞õ‡±Ä‡∞õ‡±Ä ‡∞á‡∞Ç‡∞§‡∞¶‡∞æ‡∞∞‡±Å‡∞£‡∞Æ‡±à‡∞®‡∞Æ‡∞®‡∞ø‡∞∑‡∞ø‡∞®‡∞ø,‡∞®‡±Ä‡∞ö‡∞Æ‡±à‡∞®‡∞µ‡∞ï‡±ç‡∞§‡∞ø‡∞®‡∞ø‡∞ö‡±Ç‡∞°‡∞≤‡±á‡∞¶‡±Å.	non-hate
349	‡∞á‡∞≤‡∞æ ‡∞Æ‡∞æ‡∞ü ‡∞Æ‡∞æ‡∞∞‡±ç‡∞ö‡±á ‡∞µ‡∞æ‡∞°‡∞ø‡∞®‡∞ø ‡∞ó‡±ä‡∞∞‡±ç‡∞∞‡±Ü‡∞≤‡±Å ‡∞®‡∞Æ‡±ç‡∞Æ‡±Å‡∞§‡±Å‡∞®‡±ç‡∞®‡∞æ‡∞Ø‡∞ø	hate
350	‡∞®‡±á‡∞®‡±Å ‡∞á‡∞Ç‡∞§‡∞µ‡∞∞‡∞ï‡±Å ‡∞á‡∞ü‡±Å‡∞µ‡∞Ç‡∞ü‡∞ø ‡∞ï‡∞®‡±ç‡∞®‡∞ø‡∞Ç‡∞ó‡±ç ‡∞∏‡±Ä‡∞é‡∞Ç ‡∞®‡±Ä ‡∞ö‡±Ç‡∞°‡∞≤‡±á‡∞¶‡±Å	non-hate
351	30 ‡∞µ‡±á‡∞≤ ‡∞ï‡±ã‡∞ü‡±ç‡∞≤ ‡∞è‡∞ï‡∞∞‡∞≤‡±Å ‡∞¶‡±ä‡∞¨‡±ç‡∞¨‡∞°‡∞®‡∞ø‡∞ï‡∞ø ‡∞ï‡∞¶‡∞æ ‡∞Ö‡∞®‡±ç‡∞®‡∞ø ‡∞™‡∞°‡±Å‡∞§‡±Å‡∞®‡±ç‡∞®‡∞æ‡∞µ‡±Å	hate
352	‡∞Ö‡∞¶‡±á 420 ‡∞™‡∞∞‡∞ø‡∞™‡∞æ‡∞≤‡∞®	hate
353	‡∞¨‡±ã‡∞ö‡±Å‡∞ó‡∞°‡∞ø‡∞µ‡∞ø.... ‡∞®‡±Ä‡∞µ‡±Å ‡∞§‡±Ü‡∞≤‡±Å‡∞∏‡∞æ ‡∞Ö‡∞Æ‡∞ø‡∞§‡±ç ‡∞∑‡∞æ ‡∞ï‡∞ø.... ‡∞ó‡±Å‡∞Ç‡∞°‡±Å‡∞ó‡∞æ	hate
354	‡∞µ‡±Ä‡∞°‡∞ø‡∞ï‡∞ø ‡∞è‡∞¶‡±ã ‡∞ú‡∞¨‡±ç‡∞¨‡±Å ‡∞â‡∞Ç‡∞¶‡∞ø ‡∞∞‡±ã‡∞ú‡±Å ‡∞∞‡±ã‡∞ú‡±Å‡∞ï‡±Ç ‡∞á‡∞≤‡∞æ ‡∞Ö‡∞µ‡±Å‡∞§‡±Å‡∞®‡±ç‡∞®‡∞æ	hate
355	‡∞µ‡±Ä‡∞°‡∞ø‡∞®‡∞ø ‡∞¶‡∞ó‡±ç‡∞ó‡∞∞‡∞ï‡∞ø ‡∞ï‡±Å‡∞°‡∞æ ‡∞∞‡∞æ‡∞®‡∞ø‡∞µ‡±ç‡∞µ‡∞∞‡±Å.	hate
356	‡∞´‡±ç‡∞Ø‡±Ç‡∞ö‡∞∞‡±ç‡∞≤‡±ã ‡∞ú‡∞ó‡∞®‡±ç ‡∞ó‡∞Ç‡∞ü‡±á‡∞∏‡±ç‡∞§‡±á ‡∞é‡∞®‡±ç‡∞ü‡±Ä‡∞Ü‡∞∞‡±ç ‡∞¶‡∞ó‡±ç‡∞ó‡∞∞ ‡∞ö‡±á‡∞∞‡∞°‡∞æ‡∞®‡∞ø‡∞ï‡∞ø ‡∞ó‡∞æ‡∞≤‡∞Ç ‡∞µ‡±á‡∞∏‡±ç‡∞§‡±Å‡∞®‡±ç‡∞®‡∞æ‡∞°‡±Å	non-hate
357	Ntr dhaggaraku vaste ntr anna fans mukkalugaa nariki chepalaku metha gaa vestaru vinni	hate
358	‡∞ú‡∞ó‡∞®‡±ç ‡∞µ‡±Ü‡∞≥‡±ç‡∞§‡±á ‡∞Æ‡∞æ‡∞§‡±ç‡∞∞‡∞Ç ‡∞Æ‡±Ü‡∞°‡∞≤‡±Å ‡∞é‡∞ï‡±ç‡∞ï‡∞° ‡∞µ‡∞Ç‡∞ö‡±á‡∞∏‡±ç‡∞§‡∞æ‡∞°‡±ã ‡∞Ö‡∞®‡∞ø ‡∞â‡∞ö‡±ç‡∞ö ‡∞™‡±ã‡∞∏‡±Å‡∞Ç‡∞ü‡∞æ‡∞∞‡±á‡∞Æ‡±ã ‡∞ê‡∞§‡±á	hate
359	‡∞®‡±Å‡∞µ‡±ç‡∞µ‡±Å ‡∞â‡∞Ç‡∞°‡∞ü‡∞Ç ‡∞Æ‡∞æ‡∞§‡±ç‡∞∞‡∞Ç ‡∞ï‡∞∑‡±ç‡∞ü‡∞Æ‡±á.....,.....‡∞®‡∞ø‡∞®‡±ç‡∞®‡±Å ‡∞é‡∞µ‡±ç‡∞µ‡∞°‡±ã ‡∞í‡∞ï‡±ç‡∞ï‡∞°‡±Å ‡∞µ‡±Ü‡∞∏‡±ç‡∞§‡∞°‡±Å...	non-hate
360	‡∞Ö‡∞∞‡±á‡∞Ø‡±ç ‡∞µ‡±Ü‡∞ß‡∞µ ‡∞ö‡∞Ç‡∞¶‡±ç‡∞∞‡∞¨‡∞æ‡∞¨‡±Å ‡∞®‡∞æ‡∞Ø‡±Å‡∞°‡±Å ,,,,,, ‡∞™‡±ç‡∞∞‡∞™‡∞Ç‡∞ö‡∞æ‡∞®‡∞ø‡∞ï‡∞ø ‡∞§‡±Ü‡∞≤‡±Å‡∞∏‡±Å ‡∞∞‡∞æ	hate
361	‡∞Ö‡∞∏‡±ç‡∞∏‡∞≤‡±Å ‡∞à ‡∞ï‡±ä‡∞°‡∞æ‡∞≤‡∞ø ‡∞ó‡∞æ‡∞°‡∞ø‡∞ï‡∞ø ‡∞Ö‡∞Æ‡∞ø‡∞§‡±ç ‡∞∑‡∞æ ‡∞ï‡∞≤‡±Å‡∞∏‡±ç‡∞§‡∞æ‡∞°‡∞æ	hate
362	‡∞®‡±á‡∞®‡±Å ‡∞ú‡∞Ç‡∞§‡±Å‡∞µ‡±Å‡∞®‡±Å  ‡∞®‡∞æ‡∞ï‡±Å ‡∞Ö‡∞ü‡±Å‡∞µ‡∞Ç‡∞ü‡∞ø ‡∞´‡±Ä‡∞≤‡∞ø‡∞Ç‡∞ó‡±ç‡∞∏‡±ç ‡∞è‡∞Æ‡∞ø ‡∞â‡∞Ç‡∞°‡∞µ‡±Å.	non-hate
363	‡∞µ‡±Ä‡∞°‡±Å ‡∞°‡±à‡∞∞‡±Ü‡∞ï‡±ç‡∞ü‡∞∞‡±ç ‡∞Ö‡∞Ø‡±Å‡∞Ç‡∞°‡∞ï‡±Å‡∞Ç‡∞ü‡±á ‡∞µ‡±Ä‡∞°‡∞ø‡∞®‡∞ø ‡∞è ‡∞í‡∞ï‡±ç‡∞ï‡∞∞‡±Ç ‡∞™‡∞ü‡±ç‡∞ü‡∞ø‡∞Ç‡∞ö‡±Å ‡∞ï‡±Å‡∞®‡±á ‡∞µ‡∞æ‡∞∞‡±á ‡∞ï‡∞æ‡∞¶‡±Å	non-hate
364	‡∞ï‡∞æ‡∞Æ‡∞æ‡∞Ç‡∞ß‡±Å‡∞≤‡∞®‡±Å ‡∞Ö‡∞°‡∞ø‡∞ó‡∞ø ‡∞ï‡±ç‡∞µ‡∞∂‡±ç‡∞ö‡∞®‡±ç ‡∞ï‡∞∞‡±Ü‡∞ï‡±ç‡∞ü‡±ç	hate
365	‡∞µ‡∞æ‡∞≥‡±ç‡∞≥‡∞Æ‡±ç‡∞Æ ‡∞ï‡±Ç‡∞°‡∞æ ‡∞Ö‡∞Ç‡∞§‡±Ü ‡∞Ö‡∞Æ‡±Ü ‡∞ï‡±Ç‡∞°‡∞æ ‡∞ö‡∞æ‡∞≤‡∞æ ‡∞à‡∞ú‡±Ä ‡∞ó‡∞æ ‡∞§‡±Ä‡∞∏‡±Å‡∞ï‡±Å‡∞Ç‡∞ü‡∞æ‡∞∞‡±Å.	non-hate
366	‡∞á‡∞ü‡±Å‡∞µ‡∞Ç‡∞ü‡∞ø ‡∞™‡±ç‡∞∞‡∞∂‡±ç‡∞®‡∞≤‡±Å ‡∞Æ‡±Ä‡∞∞‡±Å ‡∞Ö‡∞°‡∞ó‡∞°‡∞æ‡∞®‡∞ø‡∞ï‡∞ø ‡∞Æ‡±Ä‡∞ï‡±Å ‡∞∏‡∞ø‡∞ó‡±ç‡∞ó‡±Å‡∞Ç‡∞°‡∞æ‡∞≤‡∞ø.	hate
367	‡∞ú‡∞Ç‡∞§‡±Å ‡∞∏‡∞Ç‡∞∏‡±ç‡∞ï‡±É‡∞§‡∞ø ‡∞â‡∞®‡±ç‡∞® ‡∞à ‡∞µ‡±Ü‡∞ß‡∞µ‡∞®‡∞ø ‡∞í‡∞ï ‡∞ó‡±ä‡∞™‡±ç‡∞™ ‡∞µ‡∞æ‡∞°‡∞ø‡∞ó‡∞æ ‡∞ö‡±Ç‡∞™‡∞ø‡∞Ç‡∞ö‡∞° ‡∞Æ‡±á‡∞Æ‡∞ø‡∞ü‡∞ø	hate
368	‡∞é‡∞≤‡∞æ‡∞Ç‡∞ü‡∞ø ‡∞é‡∞¶‡∞µ‡∞≤‡∞ï‡∞ø ‡∞á‡∞Ç‡∞°‡±ç‡∞∞‡±Å ‡∞é‡∞Ç‡∞¶‡±Å‡∞ï‡±Å	hate
369	‡∞ö‡±Ü‡∞§‡±ç‡∞§ ‡∞™‡∞®‡±ç‡∞®‡±Å ‡∞è‡∞Ç‡∞¶‡∞ø‡∞∞‡∞æ ‡∞®‡∞æ‡∞Ø‡∞®‡∞æ....	hate
370	‡∞ö‡∞≤‡±ç‡∞≤‡∞ó‡∞æ ‡∞®‡±Ü‡∞§‡±ç‡∞§‡∞ø ‡∞Æ‡±Ä‡∞¶ ‡∞ö‡±Ü‡∞Ø‡±ç‡∞Ø‡∞ø ‡∞™‡±Ü‡∞ü‡±ç‡∞ü‡∞æ‡∞°‡±Å..	hate
371	‡∞®‡±Å‡∞µ‡±ç‡∞µ‡±Å ‡∞ï‡±Ç‡∞°‡∞æ ‡∞í‡∞ï‡±ç‡∞ï‡±ä‡∞ï‡±ç‡∞ï‡∞°‡∞ø‡∞ï‡∞ø ‡∞í‡∞ï‡±ç‡∞ï‡±ä‡∞ï‡±ç‡∞ï ‡∞õ‡∞æ‡∞®‡±ç‡∞∏‡±ç ‡∞á‡∞µ‡±ç‡∞µ‡±Å ‡∞ú‡∞Ç‡∞ó‡±ç‡∞≤‡±Ä. ‡∞á‡∞™‡±ç‡∞™‡∞ü‡∞ø‡∞ï‡±á ‡∞®‡∞æ‡∞∂‡∞®‡∞Æ‡±à ‡∞ö‡∞∏‡±ç‡∞§‡±Å‡∞Ç‡∞ü‡±á ‡∞Æ‡∞≥‡±ç‡∞≥‡±Ä ‡∞á‡∞¶‡∞ø ‡∞í‡∞ï‡∞ü‡∞ø ‡∞µ‡∞ö‡±ç‡∞ö‡∞ø‡∞Ç‡∞¶‡∞ø.	hate
372	‡∞µ‡±á‡∞≤‡±Å‡∞™‡±Ü‡∞ü‡±ç‡∞ü‡∞ø ‡∞ó‡±Ü‡∞≤‡∞ï‡∞Ç‡∞°‡∞ø ‡∞∏‡∞Æ‡±ç‡∞Æ‡∞ó‡∞æ ‡∞â‡∞Ç‡∞ü‡±Å‡∞Ç‡∞¶‡∞ø ‡∞Æ‡∞Ç‡∞ó‡∞≤‡∞ø ‡∞ï‡∞ø	hate
373	‡∞¶‡±Ä‡∞®‡±ç‡∞®‡∞ø ‡∞í‡∞ï‡±ç‡∞ï‡∞∏‡∞æ‡∞∞‡∞ø AP ‡∞≤‡±ã ‡∞§‡∞ø‡∞™‡±ç‡∞™‡∞ø‡∞§‡±á ‡∞§‡±Ü‡∞≤‡±Å‡∞∏‡±ç‡∞§‡±Å‡∞Ç‡∞¶‡∞ø ‡∞´‡±ç‡∞Ø‡∞æ‡∞®‡±ç ‡∞é‡∞Ç‡∞§ ‡∞ö‡∞≤‡±ç‡∞≤‡∞ó‡∞æ ‡∞µ‡±Å‡∞Ç‡∞¶‡±ã ‡∞á‡∞™‡±ç‡∞™‡±Å‡∞°‡±Å. ‡∞™‡∞¶‡∞µ‡∞ø ‡∞ï‡±ä‡∞ü‡±ç‡∞ü‡±á‡∞∏‡∞ø‡∞Ç‡∞¶‡∞ø.	hate
374	‡∞®‡∞ø‡∞™‡±Å‡∞ï‡±Å ‡∞™‡±Ü‡∞°‡∞§‡∞æ ‡∞ö‡∞≤‡±ç‡∞≤‡∞ó‡∞æ ‡∞â‡∞Ç‡∞ü‡∞æ‡∞°‡∞æ	hate
375	‡∞¶‡±Ä‡∞®‡∞ø ‡∞µ‡∞æ‡∞Ø‡∞ø‡∞∏‡±ç ‡∞¶‡∞∞‡∞ø‡∞¶‡±ç‡∞∞‡∞Ç‡∞ó‡∞æ ‡∞â‡∞Ç‡∞ü‡±Å‡∞Ç‡∞¶‡∞ø	hate
376	battalu sarigga vesuko va	hate
377	nuvvu nee voice cheraku dobbuthunti	non-hate
378	dheniki pelliyenti varada adi	hate
379	lanja laga vunnav	hate
380	kojja daga niku edi avasarama	hate
381	ni boobs chusta moodu aagadu	hate
382	ni shape challa  bagundi aa	non-hate
383	Daane todalu tomu gaadeda	hate
384	‡∞ê‡∞§‡±á ‡∞µ‡±Ü‡∞≥‡±ç‡∞≥‡∞ø ‡∞é‡∞µ‡∞°‡∞ø‡∞¶‡±à‡∞®‡∞æ kuduvu ra	hate
385	‡∞≤‡∞ï‡±ç‡∞∑‡±ç‡∞Æ‡±Ä ‡∞™‡∞æ‡∞∞‡±ç‡∞µ‡∞§‡∞ø‡∞®‡∞ø ‡∞Æ‡∞æ‡∞Ø‡∞≤‡±ã ‡∞™‡∞°‡∞ø ‡∞Ö‡∞≤‡∞æ ‡∞Ö‡∞®‡∞ø‡∞™‡∞ø‡∞Ç‡∞ö‡∞ø‡∞Ç‡∞¶‡∞æ.	non-hate
386	‡∞§‡±Ü‡∞ö‡±ç‡∞ö‡±Å‡∞ï‡±Å‡∞®‡±ç‡∞®‡∞æ‡∞Ç ‡∞ï‡∞¶‡∞æ ‡∞ï‡±ã‡∞∞‡∞ø ‡∞ï‡±ã‡∞∞‡∞ø ‡∞¶‡∞∞‡∞ø‡∞¶‡±ç‡∞∞‡∞Ç ‡∞Æ‡∞® ‡∞Ö‡∞®‡±Å‡∞≠‡∞µ‡∞ø‡∞Ç‡∞ö‡∞ï ‡∞§‡∞™‡±ç‡∞™‡∞¶‡±Å ‡∞ú‡±à ‡∞ú‡∞®‡∞∏‡±á‡∞®	hate
387	‡∞ú‡∞≤‡∞ó ‡∞™‡∞æ‡∞≤‡∞®‡∞≤‡±ã ‡∞µ‡∞æ‡∞ö‡∞ø‡∞™‡±ã‡∞§‡±ã‡∞Ç‡∞¶‡∞ø,‡∞á‡∞Ç‡∞ï ‡∞Æ‡∞®‡∞Ç ‡∞Ü‡∞Ç‡∞ß‡±ç‡∞∞‡∞æ‡∞≤‡±ã ‡∞â‡∞Ç‡∞°‡∞≤‡±á‡∞Æ‡±Å	hate
388	‡∞á‡∞™‡±ç‡∞™‡±Å‡∞°‡±Å YCP ki antha seen ledhu ‡∞¨‡±Å‡∞≤‡±Å‡∞ó‡±Å batch dhammunte yedhi prnchakunda ‡∞µ‡±Å‡∞Ç‡∞ü‡∞æ‡∞∞‡∞æ	hate
389	Ycp ki votu vesi chaaaala thappu chesaa	hate
390	‡∞∞‡∞æ‡∞∑‡±ç‡∞ü‡±ç‡∞∞‡∞Ç‡∞≤‡±ã ‡∞ú‡∞ø‡∞≤‡±ç‡∞≤‡∞æ‡∞≤‡∞ï‡±Å ‡∞™‡±á‡∞∞‡±ç‡∞≤‡±Å ‡∞Ø‡±Ç‡∞®‡∞ø‡∞µ‡∞∞‡±ç‡∞∏‡∞ø‡∞ü‡±Ä ‡∞™‡±á‡∞∞‡±ç‡∞≤‡±Å ‡∞Æ‡∞æ‡∞∞‡±ç‡∞ö‡±Å‡∞ï‡±Å‡∞Ç‡∞ü‡±Ç ‡∞§‡∞ø‡∞∞‡∞ó‡∞°‡∞Ç ‡∞§‡∞™‡±ç‡∞™ ‡∞à‡∞°‡±Å ‡∞è‡∞Æ‡±Ä ‡∞™‡±Ä‡∞ï‡∞ø‡∞Ç‡∞¶‡∞ø ‡∞≤‡±á‡∞¶‡±Å	hate
391	Ma ‡∞Ö‡∞®‡±ç‡∞®‡∞Ø‡±ç‡∞Ø ‡∞´‡±ç‡∞Ø‡∞æ‡∞®‡±ç‡∞∏‡±ç ‡∞â‡∞ö‡±ç‡∞ö ‡∞™‡±ã‡∞∏‡±ç‡∞§‡±á ‡∞Ü ‡∞µ‡±Å‡∞ö‡±ç‡∞ö‡∞≤‡±ã ‡∞ï‡±ä‡∞ü‡±ç‡∞ü‡±Å‡∞ï‡±Å‡∞™‡±ã‡∞§‡∞µ‡±Å ‡∞≤.......	hate
392	‡∞∏‡±ç‡∞®‡±á‡∞π‡∞ø‡∞§‡±Å‡∞≤‡∞æ‡∞∞‡∞æ ‡∞¶‡∞æ‡∞®‡±ç‡∞®‡∞ø ‡∞ö‡±Ü‡∞™‡±ç‡∞™‡±Å‡∞§‡±ã ‡∞ï‡±ä‡∞ü‡±ç‡∞ü‡∞Ç‡∞°‡∞ø	hate
393	420 reddy lenja vachhindi	hate
394	neeku chitikipoye ‡∞∞‡±ã‡∞ú‡±Å tondaralo ‡∞∞‡∞æ‡∞µ‡∞æ‡∞≤‡∞®‡∞ø ‡∞ï‡±ã‡∞∞‡±Å‡∞ï‡±Å‡∞®‡±á ‡∞µ‡∞æ‡∞∞‡∞ø‡∞≤‡±ã ‡∞®‡±á‡∞®‡±Å ‡∞í‡∞ï‡∞°‡∞ø‡∞®‡∞ø	hate
395	‡∞¶‡±ã‡∞ö‡∞æ‡∞°‡±Å ‡∞ú‡±à‡∞≤‡±Å ‡∞ï‡∞ø ‡∞µ‡±Ü‡∞≥‡±ç‡∞≥‡∞æ‡∞°‡±Å .. ‡∞Æ‡∞≥‡±ç‡∞≤‡∞ø ‡∞µ‡±Ü‡∞≥‡±ç‡∞§‡∞æ‡∞°‡±Å ‡∞§‡±ä‡∞Ç‡∞¶‡∞∞‡±ç‡∞≤‡±ã ...	hate
396	‡∞¶‡±Ä‡∞®‡±ç‡∞®‡∞ø ‡∞é‡∞∞‡±ç‡∞∞‡∞ó‡∞°‡±ç‡∞° ‡∞π‡∞æ‡∞∏‡±ç‡∞™‡∞ø‡∞ü‡∞≤‡±ç ‡∞≤‡±ã ‡∞™‡∞°‡±á‡∞Ø‡∞æ‡∞≤‡∞ø	hate
397	‡∞è‡∞Ç ‡∞¨‡±Å‡∞ï‡∞ø‡∞Ç‡∞ó‡±ç ‡∞≤‡±Å ‡∞∞‡∞æ‡∞µ‡∞°‡∞Ç ‡∞≤‡±á‡∞¶‡∞æ ‡∞®‡∞ø‡∞µ‡±Å ‡∞á‡∞Ç‡∞ï‡±ä‡∞Ç‡∞ö‡∞Ç ‡∞µ‡∞ø‡∞™‡±ç‡∞™‡∞æ‡∞≤‡∞ø	hate
398	‡∞é‡∞Ç‡∞¶‡±Å‡∞≤‡±ã ‡∞™‡±Ü‡∞Ç‡∞ö‡∞æ‡∞≤‡∞ø ‡∞®‡∞ø‡∞®‡±ç‡∞®‡±Å ‡∞è‡∞Ø‡∞°‡∞Ç ‡∞≤‡±ã ‡∞®‡∞æ	hate
399	‡∞™‡±ã‡∞§‡∞æ‡∞°‡±Å ‡∞≤‡±á ‡∞µ‡∞æ‡∞≥‡±ç‡∞≥ ‡∞®‡∞æ‡∞®‡±ç‡∞® ‡∞≤‡∞æ‡∞ó‡±á ‡∞§‡±ç‡∞µ‡∞∞‡∞≤‡±ã .. ‡∞®‡±Å‡∞µ‡±ç‡∞µ‡±Å ‡∞ï‡±Ç‡∞°‡∞æ ‡∞∞‡±á‡∞™‡±Å ‡∞Æ‡∞æ‡∞™‡±ã ‡∞ï‡∞§‡±ç‡∞§‡∞ø ‡∞Æ‡∞π‡±á‡∞∑‡±ç ‡∞≤‡∞æ‡∞ó‡∞æ ‡∞™‡±ã‡∞§‡∞æ‡∞µ‡±ç	hate
400	Nvu chala peddavi ga pechavu gaaa .....	hate
401	‡∞∏‡∞≥‡±ç‡∞≥‡±Å ‡∞¨‡∞æ‡∞ó‡∞æ ‡∞™‡±Ü‡∞Ç‡∞ö‡∞æ‡∞µ‡±ç.	hate
402	‡∞¶‡±Ä‡∞®‡±ç‡∞®‡∞ø ‡∞é‡∞µ‡∞∞‡∞ø‡∞ï‡±à‡∞®‡∞æ ‡∞ö‡±Ç‡∞™‡∞ø‡∞Ç‡∞ö‡∞Ç‡∞°‡±ç‡∞∞‡∞æ	hate
403	‡∞®‡±Ä‡∞ï‡±Å ‡∞¨‡∞≤‡∞ø‡∞∏‡∞ø‡∞Ç‡∞¶‡±á  ‡∞¨‡∞æ‡∞ó‡∞æ 	hate
404	‡∞∞‡±ã‡∞ï‡∞≤‡∞ø ‡∞¨‡∞Ç‡∞°‡∞ø ‡∞∏‡∞∞‡∞ø‡∞™‡±ã‡∞Ø‡∞ø‡∞¶ ‡∞®‡∞ø‡∞ï‡±Å	hate
405	Neee brest bagundhi aa 	non-hate
406	‡∞∞‡±ã‡∞ï‡∞≤‡∞ø ‡∞¨‡∞Ç‡∞°‡∞ø ‡∞∏‡∞∞‡∞ø‡∞™‡±ã‡∞Ø‡∞ø‡∞¶ ‡∞®‡∞ø‡∞ï‡±Å	hate
407	‡∞á‡∞™‡±ç‡∞™‡∞ü‡∞ø‡∞ï‡±á ‡∞Ö‡∞Ç‡∞§ ‡∞≤‡∞æ‡∞µ‡±Å‡∞ó‡∞æ ‡∞â‡∞®‡±ç‡∞®‡∞æ‡∞Ø‡±ç ‡∞á‡∞Ç‡∞ï‡∞æ ‡∞™‡±Ü‡∞Ç‡∞ö‡∞æ‡∞≤‡∞æ ‡∞¶‡±á‡∞µ‡±Å‡∞°‡∞æ ‡∞á‡∞Ç‡∞ï‡±Ü‡∞Ç‡∞§ ‡∞ï‡∞æ‡∞µ‡∞æ‡∞≤‡∞ø gd ‡∞¶‡∞æ‡∞®	hate
408	‡∞Ö‡∞µ‡∞§‡∞æ‡∞∞‡±ç ‡∞≤‡±ã‡∞®‡∞ø ‡∞π‡±Ä‡∞∞‡±ã ‡∞Æadda ‡∞ï‡∞æ‡∞µ‡∞æ‡∞≤‡∞ø ‡∞¶‡±Ä‡∞®‡∞ø‡∞ï‡∞ø, ‡∞Ö‡∞™‡±ç‡∞™‡±Å‡∞°‡±Å ‡∞∏‡∞∞‡∞ø‡∞™‡±ã‡∞§‡±Å‡∞Ç‡∞¶‡∞ø	non-hate
409	Nevi chest baga size vachai okati okati football size unadh	hate
410	‡∞®‡±Å‡∞µ‡±ç‡∞µ‡±Å ‡∞é‡∞≤‡∞æ ‡∞¨‡±ç‡∞∞‡∞§‡±Å‡∞ï‡±Å‡∞§‡±Å‡∞®‡±ç‡∞®‡∞æ‡∞µ‡±á 	hate
411	‡∞°‡±ã‡∞∏‡±ç ‡∞™‡±Ü‡∞Ç‡∞ö‡∞æ‡∞≤‡∞ø ‡∞í‡∞ï‡±á‡∞∏‡∞æ‡∞∞‡∞ø ‡∞™‡∞¶‡∞ø‡∞Æ‡∞Ç‡∞¶‡∞ø ‡∞§‡±ã ‡∞™‡∞°‡±Å‡∞ï‡±Å‡∞®‡±ç‡∞®‡∞æ ‡∞∏‡∞∞‡∞ø‡∞™‡±ã‡∞µ‡∞°‡∞Ç ‡∞≤‡±á‡∞¶‡±Å ‡∞á‡∞Ç‡∞ï‡∞æ‡∞∏‡±ç‡∞§ ‡∞™‡±Ü‡∞Ç‡∞ö‡∞æ‡∞≤‡∞ø	hate
412	alrady pedda sizule kada pindithe nelaki maku milk bill migulthadhi	hate
413	Red light area ki vellu va nuvu correct ga set aavutav akkada	hate
414	‡∞á‡∞≤‡∞æ‡∞Ç‡∞ü‡∞ø ‡∞µ‡∞æ‡∞°‡±Å ‡∞∞‡∞æ‡∞∑‡±ç‡∞ü‡±ç‡∞∞‡∞Ç ‡∞∏‡±Ä‡∞é‡∞Ç ‡∞ö‡±Ä	hate
415	‡∞é‡∞µ‡∞°‡±ç‡∞∞‡∞æ ‡∞¨‡∞æ‡∞¨‡±Å ‡∞®‡∞ø‡∞®‡±ç‡∞®‡±Å cm ‡∞Ö‡∞Ç‡∞¶‡∞ø ‡∞¶‡∞∞‡∞ø‡∞¶‡±ç‡∞∞‡±Å‡∞°‡±Å ‡∞∏‡∞ø‡∞ó‡±ç‡∞ó‡±Å‡∞ö‡±á‡∞ü‡±Å	hate
416	‡∞í‡∞∞‡±á‡∞Ø‡±ç ‡∞®‡±Ä‡∞µ‡±Å ‡∞é‡∞≤‡∞æ ‡∞ö‡∞¶‡±Å‡∞µ‡±Å‡∞ï‡±Å‡∞®‡±ç‡∞®‡∞æ‡∞µ‡±ã, ‡∞Ö‡∞∞‡±ç‡∞ß‡∞Ç ‡∞Ö‡∞µ‡±Å‡∞§‡±Å‡∞Ç‡∞¶‡∞ø‡∞∞‡∞æ	non-hate
417	Vesukovadam endhuku aa lanja  malli peekkovadam endhuku Ô∏èÔ∏èÔ∏èÔ∏è	hate
418	‡∞ï‡±ä‡∞¨‡±ç‡∞¨‡∞∞‡∞ø ‡∞¨‡±ä‡∞Ç‡∞°‡∞æ‡∞≤‡±Å ‡∞ï‡∞®‡±ç‡∞®‡∞æ ‡∞™‡±Ü‡∞¶‡±ç‡∞¶‡∞ó‡∞æ ‡∞â‡∞®‡±ç‡∞®‡∞æ‡∞Ø‡±ç	hate
419	‡∞à ‡∞ö‡±Ü‡∞§‡±ç‡∞§ ‡∞∞‡∞æ‡∞§‡∞≤‡±Å ‡∞ï‡±Ç‡∞§‡∞≤‡±Å ‡∞°‡±Ä‡∞™‡±Ä‡∞≤‡±Å ‡∞ï‡±á ‡∞∏‡∞∞‡∞ø‡∞™‡±ã‡∞Ø‡∞ø‡∞Ç‡∞¶‡∞ø	hate
420	niku vote vasavadikina siggu vundali	hate
421	‡∞Æ‡±Ä ‡∞∏‡∞≥‡±ç‡∞≥‡±Å ‡∞ú‡∞æ‡∞ó‡±ç‡∞∞‡∞§‡±ç‡∞§ aa	hate
422	‡∞Æ‡∞æ‡∞ï‡±Å ‡∞è‡∞Ç‡∞¶‡∞ø ‡∞à ‡∞ï‡∞∞‡±ç‡∞Æ ‡∞é‡∞®‡±ç‡∞®‡∞ø ‡∞∞‡±ã‡∞ú‡±Å‡∞≤‡±Å ‡∞µ‡∞ø‡∞®‡∞æ‡∞≤‡∞ø ‡∞Æ‡±Ä ‡∞Æ‡∞æ‡∞ü‡∞≤‡±Å 	hate
423	‡∞µ‡±á‡∞∏‡±Å‡∞ï‡±ã‡∞µ‡∞°‡∞Ç ‡∞¶‡±á‡∞®‡∞ø‡∞ï‡∞ø ‡∞¶‡∞æ‡∞ö‡±Å‡∞ï‡±ã‡∞µ‡∞°‡∞Ç ‡∞¶‡±á‡∞®‡∞ø‡∞ï‡∞ø	hate
424	‡∞¶‡±Ä‡∞®‡∞Æ‡±ç‡∞Æ ‡∞ú‡±Ä‡∞µ‡∞ø‡∞§‡∞Ç.... ‡∞ï‡∞≥‡±ç‡∞≥‡±Å ‡∞ö‡±Ü‡∞¶‡∞ø‡∞∞‡∞ø‡∞™‡±ã‡∞Ø‡∞Ø‡∞ø....	hate
425	‡∞Æ‡±Ä‡∞ï‡±Å ‡∞¶‡∞Ç‡∞°‡∞Ç ‡∞™‡±Ü‡∞°‡∞§‡∞æ ‡∞à ‡∞Æ‡±ç‡∞Ø‡±Ç‡∞ú‡∞ø‡∞ï‡±ç ‡∞è‡∞Ç‡∞¶‡∞ø‡∞∞‡∞æ ‡∞®‡∞æ‡∞Ø‡∞®‡∞æ	hate
426	‡∞∂‡±á‡∞ñ‡∞∞‡±ç ‡∞™‡∞ø‡∞ö‡±ç‡∞ö‡∞ø‡∞™‡∞ü‡±ç‡∞ü‡∞ø‡∞®‡∞ü‡±ç‡∞≤‡±Å ‡∞ö‡±á‡∞∏‡±ç‡∞§‡±Å‡∞®‡±ç‡∞®‡∞æ‡∞°‡±Å ‡∞°‡∞æ‡∞®‡±ç‡∞∏‡±ç	hate
427	‡∞™‡±ç‡∞∞‡±á‡∞ï‡±ç‡∞∑‡∞ï‡±Å‡∞≤‡∞®‡∞ø ‡∞è‡∞¶‡∞µ‡∞≤‡∞®‡∞ø ‡∞ö‡±á‡∞Ø‡∞°‡∞Ç‡∞≤‡±ã ‡∞Æ‡±Ä‡∞∞‡±Å ‡∞¶‡∞ø‡∞ü‡±ç‡∞ü	non-hate
428	E government ki ‡∞é‡∞µ‡∞∞‡±Ç ‡∞é‡∞¶‡±Å‡∞∞‡±Å ‡∞Æ‡∞æ‡∞ü‡±ç‡∞≤‡∞æ‡∞°‡∞ï‡±Ç‡∞°‡∞¶‡±á‡∞Æ‡±ã, ‡∞∞‡∞æ‡∞ï‡±ç‡∞∑‡∞∏ ‡∞™‡∞æ‡∞≤‡∞®	hate
429	‡∞Ü ‡∞∞‡±ã‡∞ó‡∞æ‡∞≤‡±Å ‡∞ï‡∞ö‡±ç‡∞ö‡∞ø‡∞§‡∞Ç‡∞ó‡∞æ ‡∞®‡±Ä ‡∞µ‡∞≤‡±ç‡∞≤‡±á ‡∞µ‡∞ö‡±ç‡∞ö‡∞ø ‡∞â‡∞Ç‡∞ü‡∞æ‡∞Ø‡∞ø aa	non-hate
430	‡∞Æ‡±ä‡∞π‡∞Ç ‡∞Æ‡±Ä‡∞¶ ‡∞Æ‡∞æ‡∞∏‡±ç‡∞ï‡±ç ‡∞é‡∞Ç‡∞¶‡±Å‡∞ï‡±Å ‡∞∞‡∞æ, ‡∞¨‡∞Ø‡∞ü‡∞ï‡±Å ‡∞µ‡∞∏‡±ç‡∞§‡±á ‡∞ï‡±Å‡∞ï‡±ç‡∞ï‡∞®‡±Å ‡∞ï‡±ä‡∞ü‡±ç‡∞ü‡∞ø‡∞®‡∞ü‡±ç‡∞ü‡±Å kodathaaru ‡∞Ö‡∞®‡∞ø ‡∞≠‡∞Ø‡∞Ç.	hate
431	Manam em peekalem .	hate
432	‡∞í‡∞ï‡±ç‡∞ï ‡∞∏‡±Ä‡∞ü‡±Å ‡∞ï‡±Ç‡∞°‡∞æ ‡∞ó‡±Ü‡∞≤‡∞µ‡∞≤‡±á‡∞®‡±ã‡∞®‡∞ø‡∞ï‡∞ø ‡∞á‡∞Ç‡∞§ ‡∞¨‡∞ø‡∞≤‡±ç‡∞°‡∞™‡±ç‡∞™‡∞æ..	hate
433	‡∞´‡∞ø‡∞ó‡∞∞‡±ç ‡∞Æ‡∞∏‡±ç‡∞§‡±Å ‡∞∏‡±Ç‡∞™‡∞∞‡±ç ‡∞â‡∞Ç‡∞ü‡∞¶‡∞ø	non-hate
434	Kinda gokuthadu	hate
435	Avi todala masala vadala	hate
436	‡∞®‡±á‡∞®‡±Å ‡∞ï‡∞æ‡∞™‡±Å ‡∞ï‡∞æ‡∞¶‡±Å‡∞∞‡∞æ luccha,	hate
437	‡∞ú‡∞ó‡∞®‡±ç & ‡∞ï‡±ã ‡∞ï‡±Å‡∞≤‡∞Ç ‡∞Æ‡∞§‡∞Ç ‡∞™‡±ç‡∞∞‡∞æ‡∞Ç‡∞§‡∞æ‡∞≤ ‡∞Æ‡∞ß‡±ç‡∞Ø ‡∞ö‡∞ø‡∞ö‡±ç‡∞ö‡±Å ‡∞™‡±Ü‡∞ü‡±ç‡∞ü‡∞ø ‡∞ö‡∞≤‡∞ø‡∞Æ‡∞Ç‡∞ü ‡∞ï‡∞æ‡∞ö‡±Å‡∞ï‡±ä‡∞®‡±á ‡∞¶‡∞Ç‡∞°‡±Å‡∞™‡∞æ‡∞≥‡±ç‡∞Ø‡∞Ç ‡∞¨‡∞æ‡∞ö‡±ç	hate
438	‡∞™‡∞µ‡∞®‡±ç ‡∞ï‡∞≤‡±ç‡∞Ø‡∞æ‡∞£‡±ç ‡∞ó‡∞æ‡∞∞‡∞ø ‡∞¨‡±Ç‡∞ü‡±ç‡∞≤‡±Å ‡∞™‡∞æ‡∞≤‡∞ø‡∞∑‡±ç ‡∞ö‡±á‡∞Ø‡∞°‡∞®‡∞ø‡∞ï‡∞ø ‡∞ï‡±Ç‡∞°‡∞æ ‡∞™‡∞®‡∞ø‡∞ï‡∞ø ‡∞∞‡∞æ‡∞®‡∞ø ‡∞™‡±ç‡∞∞‡∞§‡∞ø ‡∞ö‡∞ø‡∞≤‡±ç‡∞≤‡∞∞ ‡∞ó‡∞æ‡∞°‡±Å ‡∞Ü‡∞Ø‡∞® ‡∞ó‡±Å‡∞∞‡∞ø‡∞Ç‡∞ö‡∞ø ‡∞Æ‡∞æ‡∞ü‡±ç‡∞≤‡∞æ‡∞°‡∞Æ‡±á	hate
439	‡∞∞‡∞Ç‡∞°‡∞ø‡∞∞‡∞æ ‡∞Æ‡±Ä‡∞∞‡±Å ‡∞é‡∞™‡±ç‡∞™‡±Å‡∞°‡±Å ‡∞µ‡∞∏‡±ç‡∞§‡∞æ‡∞∞‡∞æ ‡∞Æ‡∞æ ‡∞á‡∞Ç‡∞ü‡∞ø‡∞ï‡∞ø ‡∞Ö‡∞®‡∞ø ‡∞ö‡±Ä‡∞™‡±Å‡∞∞‡±Å ‡∞ï‡∞ü‡±ç‡∞ü‡∞§‡±ã ‡∞ö‡±Ç‡∞∏‡±ç‡∞§‡±Å‡∞®‡±ç‡∞®‡∞æ	hate
440	‡∞∏‡∞∞‡∞ø‡∞ó‡±ç‡∞ó‡∞æ ‡∞®‡±Å‡∞µ‡±ç‡∞µ‡±Å ‡∞¨‡±ä‡∞ï‡±ç‡∞ï‡∞≤‡±ã ‡∞â‡∞Ç‡∞°‡∞ø ‡∞ö‡∞ø‡∞™‡±ç‡∞™‡∞ï‡±Ç‡∞°‡±Å ‡∞§‡∞ø‡∞®‡±ç‡∞®‡∞®‡±ç‡∞®‡∞ø ‡∞®‡±Ü‡∞≤‡∞≤‡∞®‡±ç‡∞®‡∞Æ‡∞æ‡∞ü ‡∞á‡∞¶‡±á‡∞¶‡±ã ‡∞¶‡±á‡∞µ‡±Å‡∞°‡∞ø ‡∞∏‡±ç‡∞ï‡±ç‡∞∞‡∞ø‡∞™‡±ç‡∞ü‡±ç ‡∞≤‡∞æ ‡∞â‡∞Ç‡∞¶‡±á	non-hate
441	‡∞ó‡∞°‡∞™ ‡∞§‡±ä‡∞ï‡±ç‡∞ï‡∞ø‡∞§‡±á ‡∞ö‡±Ä‡∞™‡±Å‡∞∞‡±Å ‡∞¶‡±Ü‡∞¨‡±ç‡∞¨ ‡∞™‡±ç‡∞∞‡±ã‡∞ó‡±ç‡∞∞‡∞æ‡∞Ç... ‡∞™‡±ç‡∞∞‡∞ú‡∞≤‡∞¶‡∞ø....	hate
442	‡∞Ö‡∞Ç‡∞¶‡±Å‡∞ï‡±Å‡∞®‡±á ‡∞∞‡∞æ ‡∞®‡∞ø‡∞®‡±ç‡∞®‡±Å ‡∞ú‡±à‡∞≤‡±ç ‡∞ú‡∞≤‡∞ø ‡∞∞‡±Ü‡∞°‡±ç‡∞°‡∞ø ‡∞Ö‡∞Ç‡∞ü‡∞æ‡∞∞‡±Å	hate
443	‡∞µ‡±Ä‡∞°‡∞ø‡∞ï‡∞ø ‡∞¨‡±Ü‡∞°‡±ç‡∞∞‡±Ç‡∞Æ‡±ç ‡∞≤‡∞ï‡±Å ‡∞™‡±ã‡∞Ø‡±á ‡∞Ö‡∞≤‡∞µ‡∞æ‡∞ü‡±Å ‡∞â‡∞®‡±ç‡∞®‡∞ü‡±ç‡∞ü‡±Å ‡∞â‡∞Ç‡∞¶‡∞ø	hate
444	‡∞µ‡±Ü‡∞ü‡∞ï‡∞æ‡∞∞‡∞Ç ‡∞ï‡∞ø ‡∞§‡∞™‡±ç‡∞™ ‡∞∞‡∞æ‡∞∑‡±ç‡∞ü‡±ç‡∞∞ ‡∞Ö‡∞≠‡∞ø‡∞µ‡±É‡∞ß‡∞ø ‡∞ï‡∞ø ‡∞™‡∞®‡∞ø‡∞ï‡∞ø ‡∞∞‡∞æ‡∞®‡∞ø ‡∞∏‡±Ä‡∞é‡∞Ç	hate
445	Konni rojule ee comidy..next nuvvu jail lo chippakudu.	hate
446	‡∞®‡±Ä ‡∞õ‡∞æ‡∞≤‡±Ü‡∞Ç‡∞ú‡±ç ‡∞Æ‡∞æ ‡∞Ö‡∞®‡±ç‡∞®‡∞ï‡±Å ‡∞µ‡±Ü‡∞Ç‡∞ü‡±ç‡∞∞‡±Å‡∞ï‡∞§‡±ã ‡∞∏‡∞Æ‡∞æ‡∞®‡∞Ç ‡∞™‡±ã‡∞µ‡±á	non-hate
447	‡∞®‡∞ó‡∞∞‡∞ø ‡∞≤‡±ã ‡∞™‡±ã‡∞ü‡±Ä 2024 ‡∞ö‡±á‡∞Ø‡∞ø ‡∞®‡±Ä‡∞ï‡∞ø ‡∞à‡∞∏‡∞æ‡∞∞‡∞ø ‡∞ï‡±ç‡∞∞‡∞ø‡∞Ç‡∞¶ ‡∞™‡±à‡∞® ‡∞ö‡∞ø‡∞®‡∞ó‡∞ï ‡∞™‡±ã‡∞§‡±á	hate
448	‡∞µ‡±à‡∞∏‡±Ä‡∞™‡±Ä ‡∞µ‡∞æ‡∞≥‡±ç‡∞≤‡±Å ‡∞á‡∞™‡±ç‡∞™‡±Å‡∞°‡±Å ‡∞ü‡∞ø‡∞°‡∞ø‡∞™‡∞ø‡∞®‡∞ø ‡∞ö‡±Ç‡∞∏‡∞ø‡∞® ‡∞™‡±à ‡∞™‡∞°‡∞§‡∞≤‡±á‡∞¶‡±Å ‡∞™‡∞µ‡∞®‡±ç ‡∞®‡±Å ‡∞ö‡±Ç‡∞∏‡±ç‡∞§‡±á ‡∞â‡∞ö‡±ç‡∞ö ‡∞™‡±ã‡∞∏‡±Å‡∞ï‡±Å‡∞Ç‡∞ü‡±Å‡∞®‡±ç‡∞®‡∞æ‡∞∞‡±Å	hate
449	‡∞™‡∞ï‡∞æ‡∞≤‡±Å ‡∞µ‡±á‡∞∏‡±Å‡∞ï‡±ä‡∞®‡±á ‡∞¨‡±ç‡∞∞‡∞§‡∞ø‡∞ï‡±á ‡∞™‡±ç‡∞∞‡∞§‡∞ø ‡∞™‡∞§‡∞ø‡∞µ‡±ç‡∞∞‡∞§ ‡∞Æ‡∞æ‡∞ü‡±ç‡∞≤‡∞æ‡∞°‡∞ü‡∞Æ‡±á	hate
450	‡∞Æ‡±á‡∞Ç ‡∞é‡∞Ç ‡∞∏‡∞∞‡±ç‡∞µ‡±á ‡∞≤‡±Å ‡∞ö‡±á‡∞™‡∞ø‡∞Ø ‡∞≤‡±á‡∞¶‡±á,, ‡∞¨‡∞Ø‡∞Ç ‡∞ï‡∞¶‡∞æ	hate
451	‡∞™‡±ã‡∞µ‡±á ‡∞≤‡±ã‡∞´‡∞∞‡±ç ‡∞Æ‡±Ä ‡∞ú‡∞ó‡∞®‡±ç  ‡∞®‡±Å‡∞µ‡±ç‡∞µ‡±Å ‡∞ï‡∞≤‡∞ø‡∞∏‡∞ø ‡∞Ü‡∞°‡±Å‡∞ï‡±ã‡∞Ç‡∞°‡∞ø	hate
452	 vasa roja Rajasekhar reddy SIR kuda single ga poticheyaledu marichipoku	hate
453	Danemma daniki Baga ycp dabbu thini thini doola perigindi	hate
454	Chepputho kottinattu vundi roja ku	hate
455	‡∞Æ‡∞∞‡∞ø ‡∞™‡∞æ‡∞∞‡±ç‡∞ü‡±Ä ‡∞≤‡±á‡∞¶‡±Å ‡∞¨‡±ä‡∞ï‡±ç‡∞ï ‡∞≤‡±á‡∞¶‡±Å ‡∞Ö‡∞®‡±ç‡∞®‡∞æ‡∞µ‡±ç ‡∞Ö‡∞ö‡±ç‡∞ö‡±ã‡∞∏‡∞ø‡∞® ‡∞Ü‡∞Ç‡∞¨‡±ã‡∞§‡±Å	hate
456	‡∞Æ‡∞æ‡∞ï‡±Å ‡∞Ö‡∞≠‡∞ø‡∞µ‡±É‡∞¶‡±ç‡∞ß‡∞ø ‡∞µ‡∞¶‡±ç‡∞¶‡±Å ‡∞®‡∞µ‡∞∞‡∞§‡±ç‡∞®‡∞æ‡∞≤‡±Å ‡∞ö‡∞ø‡∞≤‡±ç‡∞≤‡∞∞‡±á ‡∞Æ‡±Å‡∞¶‡±ç‡∞¶‡±Å..	hate
457	‡∞Æ‡∞∞‡∞ø ‡∞™‡∞æ‡∞∞‡±ç‡∞ü‡±Ä ‡∞≤‡±á‡∞¶‡±Å, ‡∞¨‡±ä‡∞ï‡±ç‡∞ï ‡∞≤‡±á‡∞¶‡±Å ‡∞Ö‡∞®‡±ç‡∞®‡∞æ‡∞µ‡±ç	hate
458	‡∞µ‡∞æ‡∞°‡∞ø‡∞ï‡∞ø ‡∞Ö‡∞≠‡∞ø‡∞µ‡±É‡∞¶‡±ç‡∞ß‡∞ø ‡∞ï‡∞æ‡∞¶‡±Å ‡∞ï‡∞æ‡∞µ‡∞æ‡∞≤‡±ç‡∞∏‡∞ø‡∞Ç‡∞¶‡∞ø ‡∞Æ‡∞≥‡±ç‡∞≥‡±Ä ‡∞ó‡±Ü‡∞≤‡∞µ‡∞æ‡∞≤‡∞ø ‡∞Ö‡∞®‡∞ø	non-hate
459	‡∞Æ‡∞∞‡∞ø ‡∞Ö‡∞Æ‡∞∞‡∞æ‡∞µ‡∞§‡∞ø ‡∞Ö‡∞Ç‡∞ü‡±Ç 5‡∞∏‡∞Ç!!‡∞¶‡±ã‡∞ö‡±á‡∞∂‡∞æ‡∞∞‡±Å‡∞ï‡∞¶‡∞Ø‡±ç‡∞Ø‡∞æ ‡∞¨‡∞æ‡∞¨‡∞æ‡∞Ø‡±ç‡∞≤‡±Ç	non-hate
460	‡∞ï‡∞®‡±ç‡∞®‡∞ø‡∞Ç‡∞ó‡±ç ‡∞ö‡∞Ç‡∞¶‡±ç‡∞∞‡∞æ‡∞≤‡±Å ‡∞ö‡±Ç‡∞™‡±Å ‡∞ö‡±Ç‡∞°‡∞Ç‡∞°‡∞ø	hate
461	e mudathaaa mohani kuda famous cheysaruu	non-hate
462	Nuv antha buaty ga am undav ma karuvu vaka alla kanipistav ..anth	hate
463	neeku aa steps tappa inkem ravu	hate
464	ni bathuke antha	hate
465	Piralu enka peyragali	hate
466	Ayithe pelliki panikirravu	hate
467	First ha mask theese post chey ra	non-hate
468	Anna Gaatiga dimpinav kada paytmDogs k	non-hate
469	‡∞Ö‡∞¶‡∞ø ‡∞Ö‡∞ü‡±ç‡∞≤‡±Ç‡∞ü‡∞Ç‡∞¶‡∞ø ‡∞Æ‡∞®‡∞§‡±ã‡∞®‡∞ø ra	non-hate
470	Ramp padudhi ra niku tondarlo KCPD	hate
471	‡∞®‡±Ä‡∞µ‡±Å ‡∞Æ‡±Ä ‡∞Ö‡∞®‡±ç‡∞® ‡∞í‡∞ï‡±ç‡∞ï‡∞ü‡±á	non-hate
472	‡∞Æ‡±Ä ‡∞¶‡∞∞‡∞ø‡∞¶‡±ç‡∞∞‡∞Ç ‡∞è‡∞Ç‡∞ü‡∞Ç‡∞ü‡±á ‡∞¶‡±á‡∞®‡∞ø‡∞ï‡±ã‡∞∏‡∞Ç ‡∞Æ‡∞æ‡∞ü‡±ç‡∞≤‡∞æ‡∞°‡∞ø‡∞® ‡∞Ö‡∞¶‡∞ø ‡∞Æ‡±Ä ‡∞´‡±ç‡∞Ø‡∞æ‡∞Æ‡∞ø‡∞≤‡±Ä ‡∞∏‡∞ø‡∞Ç‡∞ï‡±ç ‡∞Ö‡∞µ‡±Å‡∞§‡±Å‡∞Ç‡∞¶‡∞ø	hate
473	‡∞§‡∞™‡±ç‡∞™‡±Å‡∞°‡±Å‡∞ï‡±Ç‡∞§ ‡∞ï‡±Ç‡∞∏‡±ç‡∞§‡±á ‡∞ö‡±Ü‡∞™‡±ç‡∞™‡±Å‡∞ö‡±ç‡∞ö‡±Å‡∞ï‡±ä‡∞ü‡±ç‡∞ü‡∞Ç‡∞°‡∞ø ‡∞Ü‡∞°‡∞Æ‡∞ó ‡∞ö‡±Ç‡∞°‡∞ï‡±Å‡∞Ç‡∞°‡∞æ	hate
474	‡∞≤‡±ã‡∞´‡∞∞‡±ç ‡∞∞‡±ã‡∞ú‡∞æ ‡∞ï‡∞ø ‡∞Æ‡∞∞‡±Ä ‡∞Æ‡∞æ‡∞ü‡±ç‡∞≤‡∞æ‡∞°‡±á ‡∞µ‡∞ø‡∞ß‡∞æ‡∞®‡∞Ç ‡∞≤‡±á‡∞ï‡±Å‡∞Ç‡∞°‡∞æ ‡∞™‡±ã‡∞§‡±Å‡∞Ç‡∞¶‡∞ø	hate
475	‡∞Ö‡∞ï‡±ç‡∞ï‡∞Ø‡±ç‡∞Ø ‡∞ó‡∞æ‡∞∞‡∞ø ‡∞Æ‡±Å‡∞ñ‡∞Ç ‡∞≤‡±ã 2024 ‡∞≤‡±ã ‡∞ì‡∞ü‡∞Æ‡∞ø ‡∞≠‡∞Ø‡∞Ç ‡∞ï‡∞®‡∞ø‡∞™‡∞ø‡∞∏‡±ç‡∞§‡±Å‡∞Ç‡∞¶‡∞ø	hate
476	‡∞∞‡±ã‡∞ú‡∞æ‡∞ï‡∞ø ‡∞¨‡±Å‡∞¶‡±ç‡∞ß‡∞ø ‡∞≤‡±á‡∞¶‡±Å... ‡∞∏‡∞ø‡∞ó‡±ç‡∞ó‡±Å ‡∞é‡∞ó‡±ç‡∞ó‡±Å ‡∞≤‡±á‡∞ï‡±Å‡∞Ç‡∞°‡∞æ ‡∞µ‡∞æ‡∞ó‡±Å‡∞§‡±Å‡∞Ç‡∞¶‡∞ø..	hate
477	‡∞∞‡±ã‡∞ú‡∞æ ‡∞ï‡∞ø ‡∞∂‡±ç‡∞∞‡±Ä‡∞∞‡±Ü‡∞°‡±ç‡∞°‡∞ø ‡∞ï‡∞ø ‡∞™‡±Ü‡∞¶‡±ç‡∞¶ ‡∞§‡±á‡∞°‡∞æ ‡∞è‡∞Æ‡∞ø ‡∞≤‡±á‡∞¶‡±Å	hate
478	‡∞ú‡∞ó‡∞®‡∞®‡±ç‡∞®‡∞ï‡±Å ‡∞é‡∞ï‡±ç‡∞ï‡∞°‡±Ü‡∞ï‡±ç‡∞ï‡∞° ‡∞µ‡±Ü‡∞Ç‡∞ü‡±ç‡∞∞‡±Å‡∞ï‡∞≤‡±Å ‡∞â‡∞®‡±ç‡∞®‡∞æ‡∞Ø‡±ã ‡∞∞‡±ã‡∞ú‡∞æ ‡∞ï‡∞ø ‡∞¨‡∞æ‡∞ó‡∞æ ‡∞§‡±Ü‡∞≤‡±Å‡∞∏‡±Å	hate
479	 ‡∞Æ‡±å‡∞®‡∞ø‡∞ï ‡∞®‡±Ä‡∞µ‡±Ü‡∞Ç‡∞ü ‡∞®‡±Ä ‡∞¨‡∞§‡±Å‡∞ï‡±Ü‡∞Ç‡∞§	hate
480	‡∞™‡±ç‡∞∞‡∞ú‡∞≤ ‡∞∏‡∞Æ‡∞∏‡±ç‡∞Ø‡∞≤‡±Å ‡∞™‡∞ü‡±ç‡∞ü‡∞ø‡∞Ç‡∞ö‡±Å‡∞ï‡±ä‡∞Ç‡∞°‡∞ø pawan anna meedha padi yedustarenti yeppudu	non-hate
481	‡∞ú‡∞ó‡∞®‡±ç ‡∞ö‡±Ü‡∞ü‡∞ø‡∞ï‡±Ü‡∞®‡±Å ‡∞µ‡±á‡∞≤‡±Å ‡∞¶‡∞ó‡±ç‡∞ó‡∞∞  ‡∞â‡∞®‡±ç‡∞®‡∞ü‡±ç‡∞≤‡±Å ‡∞Æ‡±á‡∞°‡∞Ç ‡∞é‡∞™‡±ç‡∞™‡±Å‡∞°‡±Å ‡∞ö‡±Å‡∞∏‡∞æ‡∞∞‡±ã.....	non-hate
482	‡∞Æ‡∞æ ‡∞ï‡∞æ‡∞™‡±Å ‡∞µ‡∞æ‡∞°‡∞ø‡∞®‡∞ø ‡∞Ü‡∞Ç‡∞ü‡±á.. ‡∞ï‡±Å‡∞§‡±ç‡∞§‡∞æ ‡∞™‡∞ó‡±Å‡∞≤‡±Å‡∞¶‡∞ø.	hate
483	‡∞à‡∞µ‡∞ø‡∞° ‡∞∞‡±ã‡∞ú‡±Å ‡∞∞‡±ã‡∞ú‡±Å‡∞ï‡±Ä ‡∞¶‡∞ø‡∞ó‡∞ú‡∞æ‡∞∞‡∞ø ‡∞™‡±ã‡∞§‡±Å‡∞Ç‡∞¶‡∞ø ‡∞®‡±ã‡∞ü‡∞ø‡∞ï‡∞ø ‡∞π‡∞¶‡±ç‡∞¶‡±Å ‡∞™‡∞¶‡±ç‡∞¶‡±Å ‡∞≤‡±á‡∞¶‡±Å	non-hate
484	Osey gojjje roja Dana Niku poye kalam vachindhi	hate
485	‡∞ö‡±Ü‡∞™‡±ç‡∞™‡±Å‡∞§‡±ã ‡∞ï‡±ä‡∞ü‡±ç‡∞ü‡∞ø‡∞®‡∞ü‡±ç‡∞ü‡±á ‡∞≠‡∞≤‡±á ‡∞ö‡±Ü‡∞™‡±ç‡∞™‡∞æ‡∞∞‡±Å..	hate
486	‡∞é‡∞¶‡±Å‡∞∞‡±Å ‡∞¨‡±ä‡∞Ç‡∞ó‡±Å ‡∞§‡±Ä‡∞∏‡±á‡∞∏‡±Å‡∞ï‡±Å‡∞®‡∞ø ‡∞≤‡±ã‡∞™‡∞≤ ‡∞§‡±ã‡∞∏‡±ç‡∞ï‡±ã.	hate
487	‡∞¶‡±Ä‡∞®‡∞ø‡∞ï‡∞ø ‡∞∏‡±å‡∞§‡±ç ‡∞Ü‡∞´‡±ç‡∞∞‡∞ø‡∞ï‡∞æ ‡∞µ‡∞æ‡∞°‡±Å ‡∞∞‡∞æ‡∞°‡±ç ‡∞ï‡∞æ‡∞µ‡∞æ‡∞≤‡∞ø	hate
488	‡∞™‡±Ü‡∞¶‡±ç‡∞¶‡∞ó‡∞æ ‡∞â‡∞®‡±ç‡∞®‡∞æ‡∞Ø‡∞®‡∞ø ‡∞ï‡∞ø‡∞Ç‡∞¶ ‡∞™‡±Ü‡∞ü‡±ç‡∞ü‡±Å‡∞ï‡±Å‡∞®‡±á‡∞µ‡±Å	hate
489	ni mokaaniki konchem piyya rasesukoni.	hate
490	‡∞Ö‡∞¨‡±ç‡∞¨‡∞æ ‡∞á‡∞¶‡∞ø ‡∞∏‡∞Ç‡∞∏‡∞æ‡∞∞‡∞ø ‡∞ï‡±á‡∞µ‡∞≤‡∞Ç ‡∞∏‡±á‡∞µ ‡∞ö‡±á‡∞∏‡±ç‡∞§‡±Å‡∞Ç‡∞¶‡∞ø	hate
491	‡∞Ö‡∞¨‡±ç‡∞¨‡∞æ ‡∞µ‡∞ö‡±ç‡∞ö‡∞ø‡∞Ç‡∞¶‡∞ø ‡∞Ö‡∞Ç‡∞°‡∞ø ‡∞Ü‡∞Ç‡∞ß‡±ç‡∞∞‡∞™‡±ç‡∞∞‡∞¶‡±á‡∞∂‡±ç ‡∞µ‡±Ä‡∞∞ ‡∞™‡∞§‡∞ø‡∞µ‡±ç‡∞∞‡∞§..... ‡∞®‡±Å‡∞µ‡±ç‡∞µ‡±Å ‡∞®‡∞æ‡∞ï‡±Å ‡∞™‡±ã‡∞Ø‡∞ø	hate
492	‡∞Ö‡∞¶‡∞ø ‡∞®‡±Å‡∞µ‡±ç‡∞µ‡±Å ‡∞ö‡±Ü‡∞™‡±ç‡∞™‡±Å‡∞§‡±Å‡∞®‡±ç‡∞®‡∞æ‡∞µ‡∞æ ‡∞ö‡∞ø ‡∞ö‡∞ø	hate
493	‡∞®‡±Å‡∞µ‡±ç‡∞µ‡±Å ‡∞°‡∞¨‡±ç‡∞¨‡±Å‡∞≤‡±Å ‡∞á‡∞ö‡±ç‡∞Ø‡±ç ‡∞ö‡∞ø ‡∞∞‡±Ü‡∞°‡±ç‡∞°‡∞ø ‡∞®‡±Ä‡∞ï‡±Å ‡∞é‡∞ï‡±ç‡∞ï‡∞° ‡∞™‡±Ü‡∞ü‡±ç‡∞ü‡∞Æ‡∞Ç‡∞ü‡±á ‡∞Ö‡∞ï‡±ç‡∞ï‡∞° ‡∞™‡±Ü‡∞°‡∞§‡∞æ	hate
494	‡∞∞‡±ã‡∞ú‡±Å ‡∞®‡±Ä ‡∞Æ‡±ä‡∞π‡∞Ç ‡∞Ö‡∞¶‡±ç‡∞¶‡∞Ç ‡∞ö‡±Ç‡∞∏‡±Å‡∞ï‡±ã ‡∞∞‡±ã‡∞ú‡±Å ‡∞ö‡±Ç‡∞°‡∞≤‡±á‡∞ï ‡∞™‡±ã‡∞§‡±Å‡∞®‡±ç‡∞®‡∞æ‡∞®‡±Å	hate
495	‡∞µ‡∞ø‡∞®‡∞≤‡±á‡∞ï ‡∞™‡±ã‡∞§‡±Å‡∞®‡±ç‡∞®‡∞æ‡∞Æ‡±Å	non-hate
496	‡∞°‡∞¨‡±ç‡∞¨‡±Å ‡∞á‡∞∏‡±ç‡∞§‡±á ‡∞®‡∞ø‡∞®‡±ç‡∞®‡±Å‡∞ï‡±Ç‡∞° ‡∞é‡∞∏‡±ç‡∞§‡∞æ‡∞°‡±Å	hate
497	‡∞®‡∞ø‡∞¶‡∞ø ‡∞ö‡±Ç‡∞™‡∞ø‡∞Ç‡∞ö‡±Å ‡∞¶‡±Ü‡∞¨‡±ç‡∞¨‡∞ï‡∞ø ‡∞∏‡±Ü‡∞ü‡±ç ‡∞ê‡∞™‡±ã‡∞Ø‡∞ø‡∞¶‡∞ø ‡∞∞‡±ã‡∞ú‡∞æ‡∞ï‡±Å	hate
498	‡∞è‡∞¶‡∞ø ‡∞®‡∞æ‡∞ï‡∞ø‡∞® ‡∞®‡±Ä‡∞¶‡∞ø ‡∞Æ‡∞æ‡∞§‡±ç‡∞∞‡∞Ç ‡∞ï‡∞ö‡±ç‡∞ö‡∞ø‡∞§‡∞Ç‡∞ó‡∞æ ‡∞®‡∞æ‡∞ï‡∞°‡±Å ‡∞ö‡±Ä ‡∞∞‡±Ü‡∞°‡±ç‡∞°‡∞ø	hate
499	‡∞á‡∞™‡±ç‡∞™‡±Å‡∞°‡±Å ‡∞®‡∞ø‡∞¶‡∞ø‡∞ê‡∞® ‡∞®‡∞ï‡±Å‡∞§‡∞æ‡∞°‡±Å ‡∞°‡∞¨‡±ç‡∞¨‡±Å‡∞≤‡±Å ‡∞á‡∞∏‡±ç‡∞§‡±á	hate
500	Emi echavaa  Andaru neelagaa nakaru 	hate
